slug,id,title,level,grades,type,topics,stepCount,requirements,summary,outcome,imageFile,shopUrl
"daisy--be-a-sister-to-every-girl-scout","7881126c-3bd9-4850-8e30-d5f5e0057517","Be a Sister to Every Girl Scout","Daisy","K-1","petal","","3","1. Celebrate your differences | 2. Learn about Girl Scouts from around the world | 3. Support your Girl Scout sisters","Discover how you can honor the Girl Scout sisterhood by celebrating your differences and supporting your fellow Girl Scouts!","When you've earned this badge, you will know what it means to be a sister to every Girl Scout.","images/daisy/daisy--be-a-sister-to-every-girl-scout.png","https://www.girlscoutshop.com/Daisy-Petals-Set?utm_campaign=National_Site&utm_medium=National_Site_Image&utm_source=Badge_Explorer"
"daisy--considerate-and-caring","fb1a5b7d-9b68-41ad-9637-5540a8982679","Considerate & Caring","Daisy","K-1","petal","","3","1. Be considerate and caring at home | 2. Be considerate and caring with friends | 3. Be considerate and caring in your community","Discover what it means to be considerate and caring to others in different areas of your life.","When you've earned this badge, you will know how to be considerate and caring with others.","images/daisy/daisy--considerate-and-caring.png","https://www.girlscoutshop.com/Daisy-Petals-Set?utm_campaign=National_Site&utm_medium=National_Site_Image&utm_source=Badge_Explorer"
"daisy--courageous-and-strong","ca609161-ae0d-4186-be1c-487bf41cffac","Courageous and Strong","Daisy","K-1","petal","","3","1. Find examples of courage and strength | 2. Honor courageous and strong people | 3. Practice being courageous and strong.","Learn about people who are courageous and strong and find out how to become one too!","When you've earned this badge, you will know what it means to be courageous and strong.","images/daisy/daisy--courageous-and-strong.png","https://www.girlscoutshop.com/Daisy-Petals-Set?utm_campaign=National_Site&utm_medium=National_Site_Image&utm_source=Badge_Explorer"
"daisy--friendly-and-helpful","56433f06-88d1-4934-a380-3d31d1cf1977","Friendly & Helpful","Daisy","K-1","petal","","3","1. Be friendly and helpful at home | 2. Be friendly and helpful in your troop | 3. Be friendly and helpful in your community","Explore how you can be friendly and helpful at home, in your troop, and in your community.","When you've earned this petal badge, you will know what it means to be friendly and helpful.","images/daisy/daisy--friendly-and-helpful.png","https://www.girlscoutshop.com/Daisy-Petals-Set?utm_campaign=National_Site&utm_medium=National_Site_Image&utm_source=Badge_Explorer"
"daisy--honest-and-fair","2ce3ba43-7d48-4f84-a25d-8f92fda41ffe","Honest & Fair","Daisy","K-1","petal","","3","1. Discover what it means to be honest | 2. Find out what it means to be fair | 3. Put it into practice","Find out how you can be honest and fair with others to build strong friendships!","When you've earned this badge, you will know what it means to be honest and fair.","images/daisy/daisy--honest-and-fair.png","https://www.girlscoutshop.com/Daisy-Petals-Set?utm_campaign=National_Site&utm_medium=National_Site_Image&utm_source=Badge_Explorer"
"daisy--make-the-world-a-better-place","4181fc50-c042-4e85-addb-1253b9555626","Make the World a Better Place","Daisy","K-1","petal","","3","1. Start with your community | 2. Protect the environment | 3. Be a changemaker","Learn how you can make a difference in the world around you and beyond.","When you've earned this badge, you will know different ways you can make the world a better place.","images/daisy/daisy--make-the-world-a-better-place.png","https://www.girlscoutshop.com/Daisy-Petals-Set?utm_campaign=National_Site&utm_medium=National_Site_Image&utm_source=Badge_Explorer"
"daisy--promise-center","b206ff05-9323-48ff-beef-02c582b013dc","Promise Center","Daisy","K-1","petal","","0","","Daisies earn the Promise Center by saying the Girl Scout Promise and talking about what it means to them.","","images/daisy/daisy--promise-center.png","http://www.girlscoutshop.com/Daisy-Petals-Set?utm_campaign=National_Site&utm_medium=National_Site_Image&utm_source=Badge_Explorer"
"daisy--respect-authority","f7701df0-94e1-4236-9383-8745bf8ef2f8","Respect Authority","Daisy","K-1","petal","","3","1. Respect home rules | 2. Respect authority at school | 3. Respect authority in your city or town When you've earned this badge, you will know what it means to respect authority.","Explore the rules and laws that you follow in your home, at school, and in your city or town!","","images/daisy/daisy--respect-authority.png","https://www.girlscoutshop.com/Daisy-Petals-Set?utm_campaign=National_Site&utm_medium=National_Site_Image&utm_source=Badge_Explorer"
"daisy--respect-myself-and-others","541467e4-dc93-4382-b2aa-fb496be45cb1","Respect Myself and Others","Daisy","K-1","petal","","3","1. Show respect for yourself | 2. Learn how to respect others | 3. Respect your community","Find new ways to show respect for yourself, your friends and family, and your community.","When you've earned this badge, you will know what it means to respect yourself and others.","images/daisy/daisy--respect-myself-and-others.png","http://www.girlscoutshop.com/Daisy-Petals-Set?utm_campaign=National_Site&utm_medium=National_Site_Image&utm_source=Badge_Explorer"
"daisy--responsible-for-what-i-say-and-do","3723e735-5249-41d6-a689-1a75b6e9e542","Responsible For What I Say and Do","Daisy","K-1","petal","","3","1. Be responsible for what you say | 2. Be responsible for what you do | 3. Be responsible in the community","Explore the special power of your words and actions and learn how to be responsible with them.","When you've earned this badge, you will know how to be responsbile for what you say and do.","images/daisy/daisy--responsible-for-what-i-say-and-do.png","http://www.girlscoutshop.com/Daisy-Petals-Set?utm_campaign=National_Site&utm_medium=National_Site_Image&utm_source=Badge_Explorer"
"daisy--use-resources-wisely","ac81aa92-9cdf-4b27-85de-139adf70fc5b","Use Resources Wisely","Daisy","K-1","petal","","3","1. Reduce your use | 2. Reuse everyday things | 3. Recycle what is left","Find new ways to care for the environment by reducing, reusing, and recycling everyday items.","When you've earned this badge, you will know what it means to use resource wisely.","images/daisy/daisy--use-resources-wisely.png","https://www.girlscoutshop.com/Daisy-Petals-Set?utm_campaign=National_Site&utm_medium=National_Site_Image&utm_source=Badge_Explorer"
"daisy--animal-observer","006cab63-4d31-4ad3-bc03-e5b4b2070513","Animal Observer","Daisy","K-1","badge","Animals and Nature","3","1. Be an animal observer | 2. Play an animal observation game | 3. Focus on one animal","Find out how to learn about animals by watching them.","When you've earned this badge, you'll know more about observing animals.","images/daisy/daisy--animal-observer.png","https://www.girlscoutshop.com/daisy-animal-observer-badge?utm_campaign=National_Site&utm_medium=National_Site_Image&utm_source=Badge_Explorer"
"daisy--automotive-1-design","4fa17c94-cb05-48c3-9ec1-1f5cd7beccd7","Automotive 1: Design","Daisy","K-1","badge","Technology and Innovation","3","1. Choose special features for your vehicle | 2. Sketch your vehicle | 3. Sculpt and share your vehicle When you've earned this badge, you’ll know how people design cars.","Buckle up and explore how automotive designers imagine and make plans for a new vehicle, like a car or truck. Then, design your own!","","images/daisy/daisy--automotive-1-design.png","https://www.girlscoutshop.com/daisy-automotive-design-badge"
"daisy--automotive-2-engineering","7bc500ad-b405-4eb7-b608-cebd5dce759e","Automotive 2: Engineering","Daisy","K-1","badge","Technology and Innovation","3","1. Create your automotive engineering plan | 2. Build a vehicle prototype | 3. Test your vehicle prototype When you've earned this badge, you’ll know how automotive engineers work together to build cars and other vehicles.","Discover how automotive engineers turn ideas into real cars! Then, build, test, and improve a model of a vehicle.","","images/daisy/daisy--automotive-2-engineering.png","https://www.girlscoutshop.com/daisy-automotive-engineering-badge"
"daisy--automotive-3-manufacturing","6231b59c-7cf0-4c29-9ddd-fd52c896e4a2","Automotive 3: Manufacturing","Daisy","K-1","badge","Technology and Innovation","3","1. Explore efficient manufacturing and assembly lines | 2. Create an assembly line to manufacture vehicles | 3. Examine and test your vehicles for quality When you've earned this badge, you’ll know how manufacturers assemble high-quality vehicles.","Fire your engines and find out how automotive manufacturers build and test vehicles to make sure they’re ready for the road.","","images/daisy/daisy--automotive-3-manufacturing.png","https://www.girlscoutshop.com/daisy-automotive-manufacturing-badge"
"daisy--buddy-camper","6d7d5f3c-25e8-496d-abda-4a63381d5a33","Buddy Camper","Daisy","K-1","badge","Outdoor Adventure","3","1. Help plan a camping trip | 2. Help pack for your trip | 3. Go camping","When you earn this badge, you'll get to see what an adventure camping is! You'll get to play in nature, eat outside, and sleep under the stars with your family, buddies from your troop, or other friends.","When you’ve earned this badge, you’ll know how to go camping—at a campsite or in a back yard—with your family or friends.","images/daisy/daisy--buddy-camper.png","http://www.girlscoutshop.com/Daisy-Buddy-Camper-Badge"
"daisy--coding-for-good-1-coding-basics","f8b1d9a4-1a90-4362-a7ae-6c0942befd66","Coding for Good 1: Coding Basics","Daisy","K-1","badge","Technology and Innovation","3","1. Create algorithms for a computer that follow a sequence | 2. Learn about women in computer science | 3. Explore sorting algorithms","Find out how computers can be used to help others.","When you've earned this badge, you'll know how computer scientists code programs for computers to solve problems.","images/daisy/daisy--coding-for-good-1-coding-basics.png","https://www.girlscoutshop.com/daisy-coding-basics-badge"
"daisy--coding-for-good-2-digital-game-design","ff95f082-700e-4179-baac-f15776867b7c","Coding for Good 2: Digital Game Design","Daisy","K-1","badge","Technology and Innovation","3","1. Explore tools used to develop digital games | 2. Plan a maze game | 3. Build, test, and improve your maze game","Explore how video games can make a difference.","When you've earned this badge, you'll know how video games are designed.","images/daisy/daisy--coding-for-good-2-digital-game-design.png","https://www.girlscoutshop.com/daisy-digital-game-design-badge"
"daisy--coding-for-good-3-app-development","1d877147-1f70-4eeb-a382-f8b4114d791e","Coding for Good 3: App Development","Daisy","K-1","badge","Technology and Innovation","3","1. Decompose your problem into smaller steps | 2. Design an app that solves the problem | 3. Share and improve your app","Find out how programmers tackle big problems and make great apps.","When you've earned this badge, you'll know how computer scientists develop apps.","images/daisy/daisy--coding-for-good-3-app-development.png","https://www.girlscoutshop.com/daisy-app-development-badge"
"daisy--cookie-entrepreneur-family-pin","917b1ef0-46b0-4f14-a071-7cc47abdd612","Cookie Entrepreneur Family Pin","Daisy","K-1","pin","Awards","5","1. Set a goal | 2. Decide how to reach your goal | 3. Practice with money | 4. Learn to talk to customers | 5. Think like a Girl Scout","Have fun with your family as you earn this award while running your Girl Scout Cookie® business.","","images/daisy/daisy--cookie-entrepreneur-family-pin.png","https://www.girlscoutshop.com/custitem_grade_level/Daisy"
"daisy--cookie-entrepreneur-family-pin--2","eba4c6b8-88f4-48bf-86a9-5f275f41b192","Cookie Entrepreneur Family Pin","Daisy","K-1","pin","Awards","5","1. Set a goal | 2. Decide how to reach your goal | 3. Practice with money | 4. Learn to talk to customers | 5. Think like a Girl Scout","Have fun with your family as you earn this award while running your Girl Scout Cookie® business.","","images/daisy/daisy--cookie-entrepreneur-family-pin--2.png","https://www.girlscoutshop.com/custitem_grade_level/Daisy"
"daisy--cookie-goal-setter","b64996bd-b28b-4e5c-8721-259cb5ae7772","Cookie Goal Setter","Daisy","K-1","badge","Leadership and Your Future","3","1. Decide how you will use your money | 2. Set a package goal | 3. Share your goals with your customers","Decide how you will use your money, set goals and share them with real customers.","When you've earned this badge, you will know how to set and share your goals.","images/daisy/daisy--cookie-goal-setter.png","https://www.girlscoutshop.com/daisy-cookie-goal-setter-badge"
"daisy--cybersecurity-1-basics","eab66616-5fdb-4c9d-a84b-fc0257dbe8e7","Cybersecurity 1: Basics","Daisy","K-1","badge","Technology and Innovation","3","1. Find out how computers work | 2. Find out what safety and protection means | 3. Discover how you’re connected, just like computers are!","Find out about computer parts and how computers are connected, just like you!","When you've earned this badge, you'll know how how computers work and how to stay safe online.","images/daisy/daisy--cybersecurity-1-basics.png","http://girlscoutshop.com/Daisy-Cybersecurity-Basics-Badge"
"daisy--cybersecurity-2-safeguards","19ae37be-dcce-44c8-a329-9a125fb23fcc","Cybersecurity 2: Safeguards","Daisy","K-1","badge","Technology and Innovation","3","1. Discover what makes you different from others | 2. Find out what information is private | 3. Discover who is in your trust circle","Find out how to stay safe when you go online.","When you've earned this badge, you will know what privacy is and how to protect my identity.","images/daisy/daisy--cybersecurity-2-safeguards.png","http://girlscoutshop.com/Daisy-Cybersecurity-Safeguards-Badge"
"daisy--cybersecurity-3-investigator","6b95bc18-d208-457c-b542-c2474eb27008","Cybersecurity 3: Investigator","Daisy","K-1","badge","Technology and Innovation","3","1. Find out how to search for an answer | 2. Use clues to figure out who someone is | 3. Test your powers of observation","Find out how computers gather information and solve problems.","When you've earned this badge, you'll know how to use your powers of observation to investigate questions and find solutions.","images/daisy/daisy--cybersecurity-3-investigator.png","http://girlscoutshop.com/Daisy-Cybersecurity-Investigator-Badge"
"daisy--daisy-art-and-design","87b308f7-bd4d-4cef-8655-54ef4d8da784","Daisy Art and Design","Daisy","K-1","badge","Art and Imagination","3","1. Discover art and design | 2. Experiment with your medium | 3. Be inspired by a subject","Find out how to be a maker to turn ideas into art and to solve problems with design.","When you've earned this badge, you'll know how makers create art and designs.","images/daisy/daisy--daisy-art-and-design.png","https://www.girlscoutshop.com/daisy-art-and-design-badge"
"daisy--daisy-craft-and-tinker","55b8f8b4-f071-41c4-af40-d9424ba22b7d","Daisy Craft and Tinker","Daisy","K-1","badge","Art and Imagination","3","1. Learn the basics | 2. Craft with purpose | 3. Tinker with your craft","Find out how to make objects and then tinker to make them better.","When you've earned this badge, you'll know how to craft and tinker to make useful objects.","images/daisy/daisy--daisy-craft-and-tinker.png","https://www.girlscoutshop.com/daisy-craft-and-tinker-badge"
"daisy--daisy-create-and-innovate","7b69859a-2fc1-45b7-b252-58532b880792","Daisy Create and Innovate","Daisy","K-1","badge","Art and Imagination","3","1. Make something to solve a problem | 2. Make something for someone else | 3. Make something even better","Learn how makers build things to help people, animals, and the planet!","When you've earned this badge, you'll know how to create and innovate objects that help others.","images/daisy/daisy--daisy-create-and-innovate.png","https://www.girlscoutshop.com/daisy-create-and-innovate-badge?utm_campaign=National_Site&utm_medium=National_Site_Image&utm_source=Badge_Explorer"
"daisy--daisy-stem-career-exploration","50f7d1b1-ad84-42a0-86a4-b1801c106c56","Daisy STEM Career Exploration","Daisy","K-1","badge","Leadership and Your Future","3","1. Discover STEM | 2. Explore your future | 3. Learn about a STEM career When you've earned this badge, you'll know what STEM is. You'll also know how you can use STEM to help other people, animals, and the planet.","Find out how the things you love can become a part of your future.","","images/daisy/daisy--daisy-stem-career-exploration.png","https://www.girlscoutshop.com/daisy-stem-career-exploration-badge"
"daisy--daisy-snow-or-climbing-adventure","c3a0b20f-897b-4544-9547-38ab697abcd1","Daisy Snow or Climbing Adventure","Daisy","K-1","badge","Sports and Recreation","3","1. Choose your outdoor adventure | 2. Prepare for your adventure | 3. Go on your outdoor adventure","Choose your adventure: Be active outside in the snow, or boulder on a rock-climbing wall using just your arms and legs—no rope or harness!","When you've earned this badge, you'll know how to do active and fun things in the snow, or boulder up a rock-climbing wall in an indoor gym without a rope or harness.","images/daisy/daisy--daisy-snow-or-climbing-adventure.png","https://www.girlscoutshop.com/daisy-snow-or-climbing-adventure-badge"
"daisy--daisy-trail-adventure","1af3116f-0ba6-4547-9ac4-252886b4f365","Daisy Trail Adventure","Daisy","K-1","badge","Outdoor Adventure","3","1. Choose your outdoor adventure | 2. Prepare for your adventure | 3. Go on your outdoor adventure","Choose your adventure: Jog while you explore outdoors, or go on a hike and play games.","When you've earned this badge, you'll know how to go on an adventurous jog or play outdoor hiking games.","images/daisy/daisy--daisy-trail-adventure.png","https://www.girlscoutshop.com/daisy-trail-adventure-badge"
"daisy--democracy-for-daisies","6b0860d7-a54f-4b99-88ab-f410cdea0e38","Democracy for Daisies","Daisy","K-1","badge","Your World Near and Far","3","1. Find out about local government | 2. Find out about state government | 3. Find out about national government","Meet the people who work together in your government!","When you've earned this badge, you will have learned about the people who work together in your government.","images/daisy/daisy--democracy-for-daisies.png","https://www.girlscoutshop.com/democracy-for-daisies-badge"
"daisy--digital-leadership","e641f002-cd69-4bf8-8810-62a151549581","Digital Leadership","Daisy","K-1","badge","Leadership and Your Future","3","1. Discover your communities | 2. Explore a world of information | 3. Use technology for good","Explore digital and real world communities, learn which personal information is safe to share online and use technology to support a cause you care about.","When you've earned this badge, you will know about digital communities. You’ll know what information is safe to share online. You’ll know how technology can make the world a better place.","images/daisy/daisy--digital-leadership.png","https://www.girlscoutshop.com/daisy-digital-leadership-badge"
"daisy--eco-learner","af86a653-bfaa-4e28-b3c8-c0acf2e2a49f","Eco Learner","Daisy","K-1","badge","Outdoor Adventure","3","1. Be prepared to protect nature before you go outdoors | 2. Keep living things safe when you walk in nature | 3. Learn how to protect nature from trash","Nature gives us many gifts—now learn some ways to give back by protecting nature.","When you’ve earned this badge, you’ll have learned three ways to protect the environment when you go outdoors.","images/daisy/daisy--eco-learner.png","http://girlscoutshop.com/Daisy-Eco-Learner-Badge"
"daisy--fun-with-movement","8e4813e1-19f8-4bed-8c57-dffd4c284f03","Fun with Movement","Daisy","K-1","badge","Balanced Living","3","1. Groove to the music | 2. Move it outdoors | 3. Move big, move small","Find out how to have fun with your body through movement.","When you've earned this badge, you'll know your favorite ways to move your body for fun.","images/daisy/daisy--fun-with-movement.png","https://www.girlscoutshop.com/daisy-fun-with-movement-badge"
"daisy--globalactionaward","841b64b5-bd7f-4980-96b7-1d5aa71da3d3","GlobalActionAward","Daisy","K-1","award","Awards","0","","","","images/daisy/daisy--globalactionaward.png","https://www.girlscoutshop.com/Daisy-Take-Action-Award"
"daisy--good-neighbor","a9742e4b-782c-4561-be70-70b1d68250d5","Good Neighbor","Daisy","K-1","badge","Your World Near and Far","3","1. Explore your school | 2. Discover your city or town | 3. See what makes your state special","Find out how you can help your communities by being a good neighbor.","When you’ve earned this badge, you’ll know more about the communities you belong to—and how the people in your communities work together to be good neighbors to each other.","images/daisy/daisy--good-neighbor.png","http://www.girlscoutshop.com/Daisy-Good-Neighbor-Badge"
"daisy--journey-5-flowers-4-stories-3-cheers-for-animals","6fbef84d-6f9b-45bd-b834-46cba87d3b79","Journey: 5 Flowers, 4 Stories, 3 Cheers for Animals","Daisy","K-1","journey","Lifeskills; Journey","3","1. Find out what animals need and how to care for them—go on nature walks to observe animals; visit a farm, zoo, or animal shelter; or create an animal sculpture. | 2. Plan a Take Action project that teaches others how to care for animals. | 3. Earn 3 leadership awards: Birdbath Award, Red Robin Award, and Tula Award. If you're a Girl Scout volunteer, go to Volunteer Toolkit for complete meeting plans and activity instructions.","In this Journey, you will:","Learn more about how to earn your Take Action Award — and help your community — with the Girl Scout Take Action Guide. Journeys are retiring on October 1, 2026.","images/daisy/daisy--journey-5-flowers-4-stories-3-cheers-for-animals.png","https://www.girlscoutshop.com/DAISY-5-FLOWERS-4-STORIES-3-CHEERS-FOR-ANIMALS-AWARD-PATCH-SET"
"daisy--journey-between-earth-and-sky","75e4b884-fe08-4f6f-9144-bde7bc3648aa","Journey: Between Earth and Sky","Daisy","K-1","journey","Stem; Journey","3","1. Explore nature and learn how to keep the Earth healthy—visit a park or farm, talk to a scientist, or make origami butterflies to celebrate nature. | 2. Plan a Take Action project, such as planting a tree, creating a garden for a children's hospital, or putting on a play about protecting the Earth. | 3. Earn 3 leadership awards: Blue Bucket Award, Firefly Award, and Clover Award. If you're a Girl Scout volunteer, go to Volunteer Toolkit for complete meeting plans and activity instructions.","In this Journey, you will:","Learn more about how to earn your Take Action Award — and help your community — with the Girl Scout Take Action Guide. Journeys are retiring on October 1, 2026.","images/daisy/daisy--journey-between-earth-and-sky.png","https://www.girlscoutshop.com/DAISY-BETWEEN-EARTH-AND-SKY-AWARD-PATCH-SET"
"daisy--journey-outdoor-daisy","e60f5084-fa52-4cc2-9bc7-5eeefe8096e8","Journey: Outdoor (Daisy)","Daisy","K-1","journey","Outdoor Adventure; Journey","3","1. Explore the wonders of camping and learn how to make art outdoors. | 2. Plan a Take Action project that helps make your favorite park, beach, or forest a better place for everyone. | 3. Earn the Buddy Camper badge, the Outdoor Art Maker badge, and a Take Action Award. If you're a Girl Scout volunteer, go to Volunteer Toolkit for complete meeting plans and activity instructions.","In this Journey, you will:","Learn more about how to earn your Take Action Award — and help your community — with the Girl Scout Take Action Guide. Journeys are retiring on October 1, 2026.","images/daisy/daisy--journey-outdoor-daisy.png","https://www.girlscoutshop.com/Daisy-Outdoor-Art-Maker-Badge"
"daisy--journey-think-like-a-citizen-scientist","3fb9adf6-ebc2-474a-92d6-f75336ec23c7","Journey: Think Like a Citizen Scientist","Daisy","K-1","journey","Stem; Journey","3","1. Find out how scientists use the scientific method to investigate the world and make discoveries. | 2. Do hands-on activities to learn how to make observations and collect data. | 3. Plan a Take Action project that helps others. If you're a Girl Scout volunteer, go to Volunteer Toolkit for complete meeting plans and activity instructions.","In this Journey, you will:","Learn more about how to earn your Take Action Award — and help your community — with the Girl Scout Take Action Guide . Journeys are retiring on October 1, 2026.","images/daisy/daisy--journey-think-like-a-citizen-scientist.png","https://www.girlscoutshop.com/Daisy-Think-Like-a-Citizen-Scientist-Badge"
"daisy--journey-think-like-a-programmer","a87d99e1-5661-45dd-821e-2881dd8fa27f","Journey: Think Like a Programmer","Daisy","K-1","journey","Stem; Journey","3","1. Find out how programmers use computational thinking to solve problems. | 2. Do 3 computational thinking activities: Building a Foundation, Happy Maps, and Plant a Seed. | 3. Plan a Take Action project that helps others. If you're a Girl Scout volunteer, go to Volunteer Toolkit for complete meeting plans and activity instructions.","In this Journey, you will:","Learn more about how to earn your Take Action Award — and help your community — with the Girl Scout Take Action Guide . Journeys are retiring on October 1, 2026.","images/daisy/daisy--journey-think-like-a-programmer.png","https://www.girlscoutshop.com/Daisy-Think-Like-a-Programmer-Badge"
"daisy--journey-think-like-an-engineer","d3fd7c4a-ae83-4fc6-8d3a-7d583d7647dd","Journey: Think Like an Engineer","Daisy","K-1","journey","Stem; Journey","3","1. Find out how engineers use design thinking to solve problems. | 2. Do 3 hands-on design challenges: design and build a fairy house, a car powered by air, and a way to get across a canyon. | 3. Plan a Take Action project that helps others. If you're a Girl Scout volunteer, go to Volunteer Toolkit for complete meeting plans and activity instructions.","In this Journey, you will:","Learn more about how to earn your Take Action Award — and help your community — with the Girl Scout Take Action Guide . Journeys are retiring on October 1, 2026.","images/daisy/daisy--journey-think-like-an-engineer.png","https://www.girlscoutshop.com/Daisy-Think-Like-an-Engineer-Badge"
"daisy--journey-welcome-to-the-daisy-flower-garden","1738001c-8058-453c-857b-d1554b8dbf82","Journey: Welcome to the Daisy Flower Garden","Daisy","K-1","journey","Lifeskills; Journey","3","1. Explore the world of gardening—plant a mini-garden, learn about composting, find out how ladybugs help flowers, take a field trip to a public garden, or talk to a beekeeper. | 2. Plan a Take Action project, such as planting vegetables in a community garden or flowers at a nearby hospital. | 3. Earn 3 leadership awards: Watering Can Award, Golden Honey Bee Award, and Amazing Daisy Award. If you're a Girl Scout volunteer, go to Volunteer Toolkit for complete meeting plans and activity instructions.","In this Journey, you will:","Learn more about how to earn your Take Action Award — and help your community — with the Girl Scout Take Action Guide. Journeys are retiring on October 1, 2026.","images/daisy/daisy--journey-welcome-to-the-daisy-flower-garden.png","https://www.girlscoutshop.com/DAISY-JOURNEY-AWARD-PATCH-SET"
"daisy--math-in-nature-1-shapes-in-nature","07d01884-c4c1-4d6b-81e1-9e78f94c2a66","Math in Nature 1: Shapes in Nature","Daisy","K-1","badge","Animals and Nature","3","1. Search for shapes in nature | 2. Find and make patterns | 3. Create art inspired by nature","Identify shapes and patterns in natural objects, like rainbows, flowers, and leaves.","When you've earned this badge, you will know how to identify shapes and patterns in nature. You’ll also know how to create your own.","images/daisy/daisy--math-in-nature-1-shapes-in-nature.png","https://www.girlscoutshop.com/daisy-shapes-in-nature-badge"
"daisy--math-in-nature-2-numbers-in-nature","2d0e1524-1d6b-49a7-94d3-1aef7fd22e37","Math in Nature 2: Numbers in Nature","Daisy","K-1","badge","Animals and Nature","3","1. Search for shadows | 2. Sort natural objects | 3. Make your own unit of measure","Explore how to measure the size and amount of objects in nature. Create your own unit of measure for nature, too!","When you've earned this badge, you will know about shadows, measurement, sorting, and estimating.","images/daisy/daisy--math-in-nature-2-numbers-in-nature.png","https://www.girlscoutshop.com/daisy-numbers-in-nature-badge"
"daisy--math-in-nature-3-design-with-nature","c9325fe4-4025-414c-b498-681d0f767374","Math in Nature 3: Design with Nature","Daisy","K-1","badge","Animals and Nature","3","1. Count with birds | 2. Identify parts of nature | 3. Make a map","Observe and use what you know about the outdoors to make and do things in nature.","When you've earned this badge, you will know how to use math to identify and sort things in nature. You'll also know how to create a map.","images/daisy/daisy--math-in-nature-3-design-with-nature.png","https://www.girlscoutshop.com/daisy-design-with-nature-badge"
"daisy--mechanical-engineering-board-game","93d6fcc6-2898-405c-8276-76a0c06d82d1","Mechanical Engineering: Board Game","Daisy","K-1","badge","Technology and Innovation","3","1. Come up with an idea for your board game | 2. Design a spinner for your game | 3. Test your game and make it better","Create board games and engineer your own game spinner.","When you’ve earned this badge, you'll have created your own board game and learned what inventors and engineers do.","images/daisy/daisy--mechanical-engineering-board-game.png","http://www.girlscoutshop.com/Daisy-Board-Game-Design-Challenge-Badge"
"daisy--mechanical-engineering-model-car","ac324ed9-abf2-4e99-93d6-df269561a396","Mechanical Engineering: Model Car","Daisy","K-1","badge","Technology and Innovation","3","1. Design and build model cars | 2. Use model cars to test the friction of different surfaces | 3. Race your cars!","Build a model car and test the friction of your car on different surfaces to prepare for a Troop Car Chase!","When you’ve earned this badge, you'll have learned about friction by building and testing model cars. You will know how to design and test new things that you invent.","images/daisy/daisy--mechanical-engineering-model-car.png","http://www.girlscoutshop.com/Daisy-Model-Car-Design-Challenge"
"daisy--mechanical-engineering-roller-coaster","a53f049e-c774-41c3-ae89-98c79b168f91","Mechanical Engineering: Roller Coaster","Daisy","K-1","badge","Technology and Innovation","3","1. Make a simple roller coaster car | 2. Build a model of a roller coaster | 3. Test your roller coaster","Engineer your own roller coaster and see how its design affects its speed.","When you’ve earned this badge, you'll have learned about engineering and motion by building and testing a roller coaster.","images/daisy/daisy--mechanical-engineering-roller-coaster.png","http://www.girlscoutshop.com/Daisy-Roller-Coaster-Design-Challenge"
"daisy--money-explorer","062abadb-22a5-4223-aa78-ad132e5d11b4","Money Explorer","Daisy","K-1","badge","Balanced Living","3","1. Find out about different coins | 2. Know more about paper money | 3. Practice using paper and coin money When you’ve earned this badge, you will know how much paper bills and coins are worth and how to use money.","Learn what paper money and coins are worth and how to use money to buy things.","","images/daisy/daisy--money-explorer.png","https://www.girlscoutshop.com/daisy-money-explorer"
"daisy--my-first-cookie-business","1968f302-4a37-4466-ad94-a237696ebfca","My First Cookie Business","Daisy","K-1","badge","Leadership and Your Future","3","1. Find out about Girl Scout Cookies | 2. Decide how to use your cookie money and set a goal | 3. Practice your sales pitch When you've earned this badge, you will know how to sell Girl Scout Cookies and use the troop’s cookie money.","Find out how to sell cookies and get your customers excited for the new cookie season.","","images/daisy/daisy--my-first-cookie-business.png","https://www.girlscoutshop.com/daisy-my-first-cookie-business-badge"
"daisy--my-money-choices","02af035a-b0ea-409a-a47e-b76a34419e8e","My Money Choices","Daisy","K-1","badge","Balanced Living","3","1. Find out what you need and want | 2. Set a goal and save for what you need and want | 3. Explore how to make choices with money","Find out about what you need or want and learn how to make smart choices with the money you spend!","When you’ve earned this badge, you will know the difference between what you need and want, and you’ll learn how to make choices about money.","images/daisy/daisy--my-money-choices.png","https://www.girlscoutshop.com/daisy-my-money-choices-badge"
"daisy--outdoor-art-maker","fccd40ff-f20b-440b-9c24-059cfd7743bf","Outdoor Art Maker","Daisy","K-1","badge","Art and Imagination","3","1. See the colors of nature | 2. Hear the sounds of nature | 3. Share your outdoor art","Explore the outdoors and use what you see and hear to make different kinds of art projects.","When you’ve earned this badge, you’ll know how to look at nature like an artist and make your own outdoor art.","images/daisy/daisy--outdoor-art-maker.png","http://www.girlscoutshop.com/Daisy-Outdoor-Art-Maker-Badge"
"daisy--robotics-1-what-robots-do","d4eb4685-ac1e-4b7e-84e1-9eb5adc4bfd7","Robotics 1: What Robots Do","Daisy","K-1","badge","Technology and Innovation","3","1. Learn about robots | 2. Find out what robots can do | 3. Team up to design your own robots","Learn about the many things robots do. Then, work in teams, like engineers, to design a robot that solves an everyday problem.","When you’ve earned this badge, you'll know about the many things robots can be designed to do.","images/daisy/daisy--robotics-1-what-robots-do.png","http://www.girlscoutshop.com/Daisy-What-Robots-Do-Badge"
"daisy--robotics-2-how-robots-move","7d002447-811f-4cfb-8f53-59d6d1ddc2a6","Robotics 2: How Robots Move","Daisy","K-1","badge","Technology and Innovation","3","1. Learn about the parts of a robot | 2. Find out how robots move | 3. Make a robot move","Think you might be a good robot? See if you can follow your programmer’s algorithm. Then become a programmer and create algorithms for robots and friends.","When you’ve earned this badge, you'll know how to create a program that could be run by a robot.","images/daisy/daisy--robotics-2-how-robots-move.png","http://www.girlscoutshop.com/Daisy-How-Robots-Move-Badge"
"daisy--robotics-3-design-a-robot","bd785252-cf63-4aea-b599-ace2fc26ed34","Robotics 3: Design a Robot","Daisy","K-1","badge","Technology and Innovation","3","1. Plan your robot | 2. Create a prototype | 3. Get feedback on your robot","Now that you know what robots can do and how they do it, it’s time to design your own! Plan and build a prototype of your robot that solves an everyday problem.","When you’ve earned this badge, you'll know how to design a robot that solves an everyday problem.","images/daisy/daisy--robotics-3-design-a-robot.png","http://www.girlscoutshop.com/Daisy-Design-A-Robot-Badge"
"daisy--space-science-explorer","3b247b43-860a-40cf-845f-de36e877ef44","Space Science Explorer","Daisy","K-1","badge","Your World Near and Far","3","1. Explore the Sun | 2. Observe the Moon | 3. Meet the Stars","Explore and observe the sky like a real space scientist.","When you’ve earned this badge, you’ll have explored and observed the Sun, Moon, and stars.","images/daisy/daisy--space-science-explorer.png","https://www.girlscoutshop.com/Daisy-Space-Science-Explorer-Badge"
"daisy--toy-business-designer","ce2a050f-23ff-48cb-b9fa-380d39254901","Toy Business Designer","Daisy","K-1","badge","Leadership and Your Future","3","1. Come up with an idea for a toy | 2. Make your idea even better | 3. Pitch your idea","Have some fun getting into the toy business!","When you've earned this badge, you will have come up with an idea for a toy, designed it, made it better, and shared it—just like an entrepreneur!","images/daisy/daisy--toy-business-designer.png","https://www.girlscoutshop.com/daisy-toy-business-designer-badge"
"brownie--automotive-1-design","4d222268-b046-46fc-bfab-5aa36f7ee784","Automotive 1: Design","Brownie","2-3","badge","Technology and Innovation","5","1. Explore how people move from place to place | 2. Discover design criteria | 3. Choose your vehicle’s design criteria | 4. Sketch a vehicle to meet your criteria | 5. Sculpt and share your vehicle","Find out how automotive designers come up with ideas for new vehicles. Then, take the wheel and design your own!","When you've earned this badge, you'll know how to design, sketch, and sculpt a vehicle.","images/brownie/brownie--automotive-1-design.png","https://www.girlscoutshop.com/brownie-automotive-design-badge"
"brownie--automotive-2-engineering","30a734ef-0847-4934-9f55-8bb1a28b2124","Automotive 2: Engineering","Brownie","2-3","badge","Technology and Innovation","5","1. Learn about simple machines in vehicles | 2. Engineer a vehicle for safety based on criteria | 3. Build a vehicle prototype | 4. Test and revise your vehicle prototype | 5. Share your vehicle prototype and testing results When you've earned this badge, you'll know how automotive engineers plan, build, test, and improve vehicles.","Get in gear and explore how automotive engineers build vehicles. Then, engineer your own model of a vehicle to help people during an emergency!","","images/brownie/brownie--automotive-2-engineering.png","https://www.girlscoutshop.com/brownie-automotive-engineering-badge"
"brownie--automotive-3-manufacturing","557e3f81-a672-45be-bcd0-521161d9f091","Automotive 3: Manufacturing","Brownie","2-3","badge","Technology and Innovation","5","1. Experience the manufacturing process | 2. Learn about the automotive manufacturing process | 3. Plan your own automotive manufacturing process | 4. Manufacture a set of vehicles | 5. Share your automotive manufacturing process When you've earned this badge, you'll know how vehicles are manufactured in a factory. You’ll also know how to make and test products for people to buy.","Experience the importance of having a plan and discover how manufacturers build lots of vehicles that are safe and well made!","","images/brownie/brownie--automotive-3-manufacturing.png","https://www.girlscoutshop.com/brownie-automotive-manufacturing-badge"
"brownie--brownie-art-and-design","ffb82592-f7ba-4d03-ab9d-f5efe0f69dd8","Brownie Art and Design","Brownie","2-3","badge","Art and Imagination","5","1. Explore art and design | 2. Experiment with the elements | 3. Learn about composition | 4. Make art about a subject | 5. Share your artwork","Discover different styles and elements of art and design.","When you've earned this badge, you'll know how makers turn ideas into art and design projects.","images/brownie/brownie--brownie-art-and-design.png","https://www.girlscoutshop.com/brownie-art-and-design-badge"
"brownie--brownie-craft-and-tinker","b5c7bf8e-e99b-4ae6-bfcf-a41ef890d340","Brownie Craft and Tinker","Brownie","2-3","badge","Art and Imagination","5","1. Explore making | 2. Learn the basics | 3. .Figure out the function | 4. Discover form and fit | 5. Tinker with your craft","Discover how to be a problem solver by making or crafting solutions.","When you've earned this badge, you'll know how to craft and tinker to solve a problem.","images/brownie/brownie--brownie-craft-and-tinker.png","https://www.girlscoutshop.com/brownie-craft-and-tinker-badge"
"brownie--brownie-create-and-innovate","09a7a647-90ee-4510-9deb-6ea1aa3da085","Brownie Create and Innovate","Brownie","2-3","badge","Art and Imagination","5","1. Explore innovation | 2. Make something for someone else | 3. Create for good | 4. Get down to business | 5. Share your creation","Discover how makers turn ideas into objects, improve them, and make the world better.","When you've earned this badge, you'll know how to create objects that help others.","images/brownie/brownie--brownie-create-and-innovate.png","https://www.girlscoutshop.com/brownie-create-and-innovate-badge"
"brownie--brownie-first-aid","f1022485-dc91-4bab-99d3-cef9556fdc9e","Brownie First Aid","Brownie","2-3","badge","Balanced Living","5","1. Find out how to get help from 911 | 2. Talk to someone who treats injured people | 3. Make a first aid kit | 4. Learn how to treat minor injuries | 5. Know how to prevent and treat outdoor injuries","Find out how to get help in an emergency and treat minor injuries so you can be prepared if the unexpected happens.","When you've earned this badge, you'll know how to get help in an emergency and treat minor injuries.","images/brownie/brownie--brownie-first-aid.png","https://www.girlscoutshop.com/BROWNIE-FIRST-AID-BADGE"
"brownie--brownie-girl-scout-way","37b144d3-c334-4590-9a6c-1d82cef8530b","Brownie Girl Scout Way","Brownie","2-3","badge","Your World Near and Far","5","1. Sing everywhere | 2. Celebrate Juliette Low's birthday | 3. Share sisterhood | 4. Leave a place better than you found it | 5. Enjoy Girl Scout traditions","Find out how you can share the Girl Scout legacy.","When you've earned this badge, you'll know how to practice and share the Girl Scout way.","images/brownie/brownie--brownie-girl-scout-way.png","http://www.girlscoutshop.com/BROWNIE-THE-GIRL-SCOUT-WAY-BADGE"
"brownie--brownie-stem-career-exploration","53e14992-595a-4d97-9626-1b0ae86948f7","Brownie STEM Career Exploration","Brownie","2-3","badge","Leadership and Your Future","5","1. Explore your interests | 2. Discover the possibilities | 3. Learn about the day-to-day | 4. Brainstorm your next steps | 5. Share your goals","Find out how all the things you love—like camping, baking, and walking your dog—can become a job that changes the world. Then, create a plan to turn your dreams into a reality!","When you've earned this badge, you'll know how to use STEM to help others.","images/brownie/brownie--brownie-stem-career-exploration.png","https://www.girlscoutshop.com/brownie-stem-career-exploration-badge"
"brownie--brownie-snow-or-climbing-adventure","cc738580-bdc8-4f69-9a1d-32a573553816","Brownie Snow or Climbing Adventure","Brownie","2-3","badge","Sports and Recreation","5","1. Choose your outdoor adventure | 2. Plan and prepare | 3. Gather your gear | 4. Train for your adventure | 5. Go on your outdoor adventure","Choose your adventure: Ski along trails on a cross-country winter adventure, or learn climbing skills on an artificial wall, indoors or outdoors.","When you've earned this badge, you'll have planned and learned the skills for cross-country skiing or rock climbing on a climbing wall.","images/brownie/brownie--brownie-snow-or-climbing-adventure.png","https://www.girlscoutshop.com/brownie-snow-or-climbing-adventure-badge"
"brownie--brownie-trail-adventure","fd60e738-ca44-4d5e-a243-afef0e0f6f59","Brownie Trail Adventure","Brownie","2-3","badge","Outdoor Adventure","5","1. Choose your outdoor adventure | 2. Plan and prepare | 3. Gather your gear | 4. Train for your adventure | 5. Go on your outdoor adventure","Choose your adventure: Go trail running, or take different kinds of hikes.","When you've earned this badge, you'll have planned and learned the skills for an outdoor trail run or three different types of hikes.","images/brownie/brownie--brownie-trail-adventure.png","https://www.girlscoutshop.com/brownie-trail-adventure-badge"
"brownie--budding-entrepreneur","de3f2344-6f60-4c4c-bdcc-440905a2f4ca","Budding Entrepreneur","Brownie","2-3","badge","Leadership and Your Future","5","1. Come up with an idea that makes life better | 2. Share your idea with others to get feedback | 3. Improve your idea | 4. Share how your idea works | 5. Pitch your idea to an audience When you've earned this badge, you will have come up with an idea for something that solves a problem, gotten feedback on it, and pitched it to others—all things that entrepreneurs do!","Become an entrepreneur by making something, testing it out, and improving your idea to make it the best it can be!","","images/brownie/brownie--budding-entrepreneur.png","https://www.girlscoutshop.com/brownie-budding-entrepreneur-badge"
"brownie--budget-builder","b645618e-4add-4dd3-9dc6-9d61f9559a3a","Budget Builder","Brownie","2-3","badge","Balanced Living","5","1. Find out how much things cost and how money is used | 2. Learn the difference between wants and needs | 3. Plan a budget for a fun adventure | 4. Find out how to be thrifty | 5. Make a budget for your character","Find out what it means to spend and save and how to build a budget.","When you’ve earned this badge, you will know how to make the shopping choices and budget decisions that are best for yourself.","images/brownie/brownie--budget-builder.png","https://www.girlscoutshop.com/brownie-budget-builder-badge"
"brownie--bugs","17520d37-c262-4430-a554-591ec10b2e10","Bugs","Brownie","2-3","badge","Animals and Nature","5","1. Draw a bug poster | 2. Try a bug craft | 3. See bugs in action | 4. Explore bug homes | 5. Take a bug field trip","Explore the world of bugs and learn more about these little creatures that do so much.","When you've earned this badge, you'll know all about bugs.","images/brownie/brownie--bugs.png","http://www.girlscoutshop.com/BROWNIE-BUGS-BADGE"
"brownie--cabin-camper","8cfa3d2b-6e8c-4935-975c-66a9773bbb8f","Cabin Camper","Brownie","2-3","badge","Outdoor Adventure","5","1. Help plan your camping trip | 2. Learn about camping gear | 3. Prepare a camp meal | 4. Learn a new camping skill | 5. Go camping!","Plan a camping adventure with your Girl Scout friends or family members and then go camping!","When you’ve earned this badge, you'll know how to plan a camping trip and stay overnight in a cabin* with your friends or family. *If you don’t have a cabin to use, that’s ok! You can sleep in a tent instead.","images/brownie/brownie--cabin-camper.png","http://www.girlscoutshop.com/Brownie-Cabin-Camper-Badge"
"brownie--celebrating-community","ba02b48d-4872-472b-ac7a-c543ef2b8b8f","Celebrating Community","Brownie","2-3","badge","Your World Near and Far","5","1. Explore community symbols | 2. Sing together | 3. Follow a parade | 4. Be a landmark detective | 5. Join a ceremony or celebration","Learn about community celebrations and find out what your communities do to celebrate all the people in them.","When you've earned this badge, you'll know how your community celebrates what makes it special.","images/brownie/brownie--celebrating-community.png","http://www.girlscoutshop.com/BROWNIE-CELEBRATING-COMMUNITY-BADGE"
"brownie--coding-for-good-1-coding-basics","e07fdde5-9dac-4d60-bb85-00b532382ed8","Coding for Good 1: Coding Basics","Brownie","2-3","badge","Technology and Innovation","5","1. Create algorithms for a computer that follow a sequence | 2. Use loops to improve your algorithm | 3. Use events to make things happen | 4. Learn about women in computer science | 5. Create your own set of commands that use events","Find out how computer scientists write programs for computers to solve problems.","When you've earned this badge, you'll know how programmers write programs that make computers work and how people can use computers to help others.","images/brownie/brownie--coding-for-good-1-coding-basics.png","https://www.girlscoutshop.com/brownie-coding-basics-badge"
"brownie--coding-for-good-2-digital-game-design","7306dcb2-c905-4835-b3cd-68009f9df441","Coding for Good 2: Digital Game Design","Brownie","2-3","badge","Technology and Innovation","5","1. Discover how game design can be used ""for good"" | 2. Explore tools used to develop digital games | 3. Plan a maze game | 4. Build, test, and improve your maze game using iteration | 5. Share your game with others","Explore how video games can help people to learn new skills and experience new things.","When you've earned this badge, you'll know how to think like a game maker and use iteration to plan, build, and test a game.","images/brownie/brownie--coding-for-good-2-digital-game-design.png","https://www.girlscoutshop.com/brownie-digital-game-design-badge"
"brownie--coding-for-good-3-app-development","7cc38f13-3de4-4f8a-a021-10a44c603874","Coding for Good 3: App Development","Brownie","2-3","badge","Technology and Innovation","5","1. Discover how apps can be used for good | 2. Decompose the needs of your app user | 3. Design your app screens | 4. Create algorithms for your app that include events | 5. Share and improve your app with user feedback","Design your own idea for an app that solves a problem for someone else.","When you've earned this badge, you'll know about user-centered design and how computer scientists develop apps.","images/brownie/brownie--coding-for-good-3-app-development.png","https://www.girlscoutshop.com/brownie-app-development-badge"
"brownie--computer-expert","e117c317-9b26-4b86-ae06-b6d1bee863f3","Computer Expert","Brownie","2-3","badge","Technology and Innovation","5","1. Paint or draw with an art program | 2. Find some cool facts | 3. Take a trip online | 4. Make a connection | 5. Have some computer fun","Find out what computers can help you do and learn to be a safe, secure computer expert.","When you've earned this badge, you'll know how to do many useful things on a computer. This badge comes in a packet that includes the Computer Expert, My Best Self, Dancer, Home Scientist, and My Family Story badges.","images/brownie/brownie--computer-expert.png","http://www.girlscoutshop.com/BROWNIE-COMPUTER-EXPERT-BADGE"
"brownie--cookie-decision-maker","cc8fe4cd-ec19-4b3e-9bfb-8836b5f721e0","Cookie Decision Maker","Brownie","2-3","badge","Leadership and Your Future","5","1. Get to know your Girl Scout Cookie business | 2. Decide on your giving goal | 3. Build your team | 4. Practice handling money and tracking sales | 5. Show your cookie spirit!","Learn to think like an entrepreneur by making decisions for your cookie business.","When you've earned this badge, you will know how to make decisions that help your business succeed.","images/brownie/brownie--cookie-decision-maker.png","https://www.girlscoutshop.com/brownie-cookie-decision-maker-badge"
"brownie--cookie-entrepreneur-family-pin","d9ea3445-f43e-424c-a2d9-a8871b1a4104","Cookie Entrepreneur Family Pin","Brownie","2-3","pin","Awards","5","1. Go for the goal | 2. Find more customers | 3. Be a money master | 4. Make your pitch | 5. Think like a Girl Scout","Have fun with your family as you earn this award while running your Girl Scout Cookie® business.","","images/brownie/brownie--cookie-entrepreneur-family-pin.png","https://www.girlscoutshop.com/custitem_grade_level/Brownie"
"brownie--cookie-entrepreneur-family-pin--2","888b98ec-387e-4cdc-9574-abc58f4c9fe1","Cookie Entrepreneur Family Pin","Brownie","2-3","pin","Awards","5","1. Go for the goal | 2. Find more customers | 3. Be a money master | 4. Make your pitch | 5. Think like a Girl Scout","Have fun with your family as you earn this award while running your Girl Scout Cookie® business.","","images/brownie/brownie--cookie-entrepreneur-family-pin--2.png","https://www.girlscoutshop.com/custitem_grade_level/Brownie"
"brownie--cybersecurity-1-basics","e87b28cf-7f8b-4f62-bccb-183538f2b055","Cybersecurity 1: Basics","Brownie","2-3","badge","Technology and Innovation","5","1. Find out how you use technology | 2. Discover what your technology can do | 3. Find out how to create layers of security | 4. Find out how to use real-life safety rules when you go online | 5. Find out how messages travel on the internet","Find out how you use technology and how you can keep your technology safe.","When you've earned this badge, you'll know cybersecurity basics and understand the role technology plays in your life.","images/brownie/brownie--cybersecurity-1-basics.png","http://girlscoutshop.com/Brownie-Cybersecurity-Basics-Badge"
"brownie--cybersecurity-2-safeguards","55fc1684-ad50-4799-81c3-6e69ac81c7cd","Cybersecurity 2: Safeguards","Brownie","2-3","badge","Technology and Innovation","5","1. Create your identity | 2. Find out what information to keep private when you go online | 3. Find out how to share information safely online | 4. Find out why you have to be careful about who you trust online | 5. Test your knowledge of online safety rules","Find out how to be safe when you go online.","When you've earned this badge, you'll know what information is private and how to share information safely.","images/brownie/brownie--cybersecurity-2-safeguards.png","http://girlscoutshop.com/Brownie-Cybersecurity-Safeguards-Badge"
"brownie--cybersecurity-3-investigator","09658719-a42d-4216-94b5-00e0dd7e3513","Cybersecurity 3: Investigator","Brownie","2-3","badge","Technology and Innovation","5","1. Crack a code to solve a problem | 2. Investigate what’s real and fake in photos | 3. Find out about digital footprints | 4. Investigate how a computer virus can spread | 5. Explore a cyber attack","Put on your detective hat and solve cyber crimes.","When you've earned this badge, you'll know how to use investigative skills to spot problems in the cyber world.","images/brownie/brownie--cybersecurity-3-investigator.png","http://girlscoutshop.com/Brownie-Cybersecurity-Investigator-Badge"
"brownie--dancer","20ce9189-aaa8-4d4a-b8c1-4d74976a496d","Dancer","Brownie","2-3","badge","Art and Imagination","5","1. Warm up and get moving | 2. Try a new dance | 3. Take to the floor like a dancer | 4. Make up your own dance | 5. Show your moves!","Learn fun warm-ups, perform steps from new dances, and make a dance of your very own.","When you've earned this badge, you'll have explored the world of dancing—and found the dancer inside of you. This badge comes in a packet that includes the Computer Expert, My Best Self, Dancer, Home Scientist, and My Family Story badges.","images/brownie/brownie--dancer.png","http://www.girlscoutshop.com/BROWNIE-DANCER-BADGE"
"brownie--democracy-for-brownies","78a9b4c5-9eea-4363-9c18-d967b3216440","Democracy for Brownies","Brownie","2-3","badge","Your World Near and Far","5","1. Find out about local government | 2. Find out about state government | 3. Find out about our country’s legislative branch | 4. Find out about our country’s executive branch | 5. Find out about our country’s judicial branch","Find out how people in the government decide what rules are made and how they are followed.","When you've earned this badge, you will know the three branches of government—and some of the things they are responsible for.","images/brownie/brownie--democracy-for-brownies.png","https://www.girlscoutshop.com/democracy-for-brownies-badge"
"brownie--digital-leadership","ab5ead18-507d-496a-8a42-c4853c0fcc57","Digital Leadership","Brownie","2-3","badge","Leadership and Your Future","5","1. Explore your communities | 2. Discover your digital footprint | 3. Examine what's true and not | 4. Design a digital commmunity | 5. Create content for change","Find out how technology can help you to be a leader who teaches, inspires, and makes the real and digital worlds a better place.","When you've earned this badge, you will know how to lead in the digital world. You’ll know how to use technology to make the internet and world a better place.","images/brownie/brownie--digital-leadership.png","https://www.girlscoutshop.com/brownie-digital-leadership-badge"
"brownie--eco-friend","86bfa3a7-cca3-4e7d-ae77-850f0af1bdef","Eco Friend","Brownie","2-3","badge","Outdoor Adventure","5","1. Think of ways to help the outdoors | 2. Observe outdoor spaces | 3. Build a safe campfire | 4. Take care of wildlife | 5. Practice being kind","Find out how to treat outdoor spaces with kindness and teach others how they can, too.","When you’ve earned this badge, you’ll have found new ways to protect our natural world and the living things in it.","images/brownie/brownie--eco-friend.png","http://girlscoutshop.com/Brownie-Eco-Friend-Badge"
"brownie--fair-play","2f751254-2831-4cec-a4a4-1c2bcc1f7e60","Fair Play","Brownie","2-3","badge","Sports and Recreation","5","1. Follow the rules | 2. Include everyone | 3. Be part of a team | 4. Keep score | 5. Have a field day","Playing fair means that everyone has the same chance to play, because everyone follows the same rules. That’s what this badge is about. You’ll learn to work together to have the most fun possible. That’s fair play!","When I've earned this badge, I'll know how to play fair in sports.","images/brownie/brownie--fair-play.png","http://www.girlscoutshop.com/BROWNIE-FAIR-PLAY-BADGE"
"brownie--hiker","e3a26357-2902-46ce-b770-6e6b8b57494a","Hiker","Brownie","2-3","badge","Outdoor Adventure","5","1. Decide where to go | 2. Try out a hiking skill | 3. Pick the right gear | 4. Pack a snack for energy | 5. Go on your hike!","Find out what you need to know to become a Brownie hiker.","When you've earned this badge, you'll know how to hit the trail for a hike. This badge comes in a packet that includes the Potter, Household Elf, Senses, Hiker, and My Great Day badges.","images/brownie/brownie--hiker.png","http://www.girlscoutshop.com/BROWNIE-HIKER-BADGE"
"brownie--home-scientist","0f1ca96f-9b2b-49de-bd9a-27eb9e05625d","Home Scientist","Brownie","2-3","badge","Balanced Living","5","1. Be a kitchen chemist | 2. Create static electricity | 3. Dive into density | 4. Make something bubble up | 5. Play with science","Find out where science has been hiding in your home.","When you've earned this badge, you'll be able to see the science all around you. This badge comes in a packet that includes the Computer Expert, My Best Self, Dancer, Home Scientist, and My Family Story badges.","images/brownie/brownie--home-scientist.png","http://www.girlscoutshop.com/BROWNIE-HOME-SCIENTIST-BADGE"
"brownie--household-elf","a7d5b6b2-37cf-477a-9783-66f57108cc1e","Household Elf","Brownie","2-3","badge","Art and Imagination","5","1. Save energy | 2. Save water | 3. Go natural | 4. Reuse or recycle | 5. Clear the air","Pick up some new household habits to help your family save energy, save water, and save the planet.","When you've earned this badge, you'll know how to make your home clean and green. This badge comes in a packet that includes the Potter, Household Elf, Senses, Hiker, and My Great Day badges.","images/brownie/brownie--household-elf.png","http://www.girlscoutshop.com/BROWNIE-HOUSEHOLD-ELF-BADGE"
"brownie--journey-a-world-of-girls","65cf9816-b48c-4fac-9876-4968d08ea36a","Journey: A World of Girls","Brownie","2-3","journey","Lifeskills; Journey","3","1. Find out about girls around the world and how stories can give you ideas for helping others—play a game from another culture, invite storytellers to talk about what they do, or draw a self-portrait that shows what's unique about you. | 2. Plan a Take Action Project, such as sewing a quilt, painting a mural, writing a play, or creating your own ad. | 3. Earn 4 leadership awards: Hear a Story Award, Change a Story Award, Tell a Story Award, and Better World for Girls! Award. If you're a Girl Scout volunteer, go to Volunteer Toolkit for complete meeting plans and activity instructions.","In this Journey, you will:","Learn more about how to earn your Take Action Award — and help your community — with the Girl Scout Take Action Guide. Journeys are retiring on October 1, 2026.","images/brownie/brownie--journey-a-world-of-girls.png","https://www.girlscoutshop.com/BROWNIE-A-WORLD-OF-GIRLS-AWARD-PATCH-SET"
"brownie--journey-brownie-quest","b7487c70-2690-4199-8f6e-26b6befcced8","Journey: Brownie Quest","Brownie","2-3","journey","Lifeskills; Journey","3","1. Find out how to take care of yourself, your family, your Girl Scout sisters, and your community—do an activity with your family to chart everyone’s special talents, play games at your troop meetings to learn how to work together, or do a fun “clue hunting” activity to learn the Girl Scout Law. | 2. Plan a Take Action project, such as visiting a nursery school to read to younger children or teach them a game, creating a school skit about healthy eating, or making a presentation to your city council about fixing a broken sidewalk by your school. | 3. Earn 4 leadership awards: Discover Key; Connect Key; Take Action Key; Brownie Quest Award. If you're a Girl Scout volunteer, go to Volunteer Toolkit for complete meeting plans and activity instructions.","In this Journey, you will:","Learn more about how to earn your Take Action Award — and help your community — with the Girl Scout Take Action Guide. Journeys are retiring on October 1, 2026.","images/brownie/brownie--journey-brownie-quest.png","https://www.girlscoutshop.com/BROWNIE-JOURNEY-AWARD-PATCH-SET"
"brownie--journey-outdoor-brownie","a5273e40-c816-4afe-a6ef-9cd4ba4c0ba9","Journey: Outdoor (Brownie)","Brownie","2-3","journey","Outdoor Adventure; Journey","3","1. Deepen your outdoor skills when you earn your Brownie First Aid, Hiker badger, and Cabin Camper badges. | 2. Plan a Take Action project that helps others. | 3. Earn a Take Action award. If you're a Girl Scout volunteer, go to Volunteer Toolkit for complete meeting plans and activity instructions.","In this Journey, you will:","Learn more about how to earn your Take Action Award — and help your community — with the Girl Scout Take Action Guide. Journeys are retiring on October 1, 2026.","images/brownie/brownie--journey-outdoor-brownie.png","https://www.girlscoutshop.com/BROWNIE-OUTDOOR-ADVENTURER-BADGE"
"brownie--journey-think-like-a-citizen-scientist","0dad3161-e53f-4188-b875-74911b9b9ad0","Journey: Think Like a Citizen Scientist","Brownie","2-3","journey","Stem; Journey","3","1. Find out how citizen scientists make observations, collect data, and work with scientists to receive feedback on research. | 2. Do 3 citizen science activities: sharpen your observation skills through 2 observation games and a SciStarter project. | 3. Plan a Take Action project that helps others. If you're a Girl Scout volunteer, go to Volunteer Toolkit for complete meeting plans and activity instructions.","In this Journey, you will:","Learn more about how to earn your Take Action Award — and help your community — with the Girl Scout Take Action Guide . Journeys are retiring on October 1, 2026.","images/brownie/brownie--journey-think-like-a-citizen-scientist.png","https://www.girlscoutshop.com/Brownie-Think-Like-a-Citizen-Scientist-Badge"
"brownie--journey-think-like-a-programmer","ffcc36bb-535c-4d09-9cb2-fd53d652b958","Journey: Think Like a Programmer","Brownie","2-3","journey","Stem; Journey","3","1. Find out how programmers use computational thinking to solve problems. | 2. Do 3 computational thinking activities: find out about paper programming; create a functional suncatcher to explore algorithms, variables, and functions; and create a personal innovation to discover rapid prototyping. | 3. Plan a Take Action project that helps others. If you're a Girl Scout volunteer, go to Volunteer Toolkit for complete meeting plans and activity instructions.","In this Journey, you will:","Learn more about how to earn your Take Action Award — and help your community — with the Girl Scout Take Action Guide . Journeys are retiring on October 1, 2026.","images/brownie/brownie--journey-think-like-a-programmer.png","https://www.girlscoutshop.com/Brownie-Think-Like-a-Programmer-Badge"
"brownie--journey-think-like-an-engineer","56163f01-df8a-4e4e-aff9-117e917f648a","Journey: Think Like an Engineer","Brownie","2-3","journey","Stem; Journey","3","1. Find out how engineers use design thinking to solve problems. | 2. Do 3 design thinking activities: design and build an assistive device, a water collection device, and a device that can launch a ball across a room. | 3. Plan a Take Action project that helps others. If you're a Girl Scout volunteer, go to Volunteer Toolkit for complete meeting plans and activity instructions.","In this Journey, you will:","Learn more about how to earn your Take Action Award — and help your community — with the Girl Scout Take Action Guide . Journeys are retiring on October 1, 2026.","images/brownie/brownie--journey-think-like-an-engineer.png","https://www.girlscoutshop.com/Brownie-Think-Like-an-Engineer-Badge"
"brownie--journey-wow-wonders-of-water","a69c31e1-9852-439d-a915-ccb47918ceda","Journey: WOW! Wonders of Water","Brownie","2-3","journey","Stem; Journey","3","1. Explore the wonders of water by find out more about its importance and how it's used around the world. | 2. Plan a Take Action project, such as making informative posters, promoting recycling at school, or planting low-water gardens. | 3. Earn 4 leadership awards: The LOVE Water Award, the SAVE Water Award, the SHARE Water Award, and the WOW! Award.","In this Journey, you will:","If you're a Girl Scout volunteer, go to Volunteer Toolkit for complete meeting plans and activity instructions. Journeys are retiring on October 1, 2026.","images/brownie/brownie--journey-wow-wonders-of-water.png","http://www.girlscoutshop.com/WOW-WONDERS-OF-WATER-BROWNIE-AWARD-PATCH-SET"
"brownie--letterboxer","5c0b5a91-ddbf-4050-b72c-6d6c189973e4","Letterboxer","Brownie","2-3","badge","Outdoor Adventure","5","1. Get started with letterboxing | 2. Find your own stamp | 3. Practice solving clues | 4. Search for a letterbox | 5. Make a letterbox","Learn about letterboxing, an amazing adventure game played by people all over the world. To play, you'll follow clues to find a hidden box with special items inside.","When you've earned this badge, you'll know how to have fun adventures by finding and hiding letterboxes. This badge comes in a packet that includes the Letterboxer, Pets, Making Games, Inventor, and Making Friends badges.","images/brownie/brownie--letterboxer.png","http://www.girlscoutshop.com/BROWNIE-LETTERBOXER-BADGE"
"brownie--making-friends","6c8a5d37-0156-47c5-bacd-20ff061ed9ad","Making Friends","Brownie","2-3","badge","Balanced Living","5","1. Make friendly introductions | 2. Show friends you care | 3. Share favorite activities | 4. Learn how to disagree | 5. Practice friendship!","Find out how to make new friends, keep old friends, and be the best Brownie friend you can be.","When you've earned this badge, you'll know how to be a good friend. This badge comes in a packet that includes the Letterboxer, Pets, Making Games, Inventor, and Making Friends badges.","images/brownie/brownie--making-friends.png","http://www.girlscoutshop.com/BROWNIE-MAKING-FRIENDS-BADGE"
"brownie--making-games","c03ed9ee-8dc4-432f-b27a-07a38ea3ee81","Making Games","Brownie","2-3","badge","Sports and Recreation","5","1. Try a scavenger hunt | 2. Make up a mystery game | 3. Create a party game | 4. Change the rules | 5. Invent a whole new sport","Use your imagination to make up new games.","When you've earned this badge, you'll know how to create new games and share them with others. This badge comes in a packet that includes the Letterboxer, Pets, Making Games, Inventor, and Making Friends badges.","images/brownie/brownie--making-games.png","http://www.girlscoutshop.com/BROWNIE-MAKING-GAMES-BADGE"
"brownie--math-in-nature-1-shapes-in-nature","6bf224c9-16ab-4a4b-a90d-0a0b78a1ba1d","Math in Nature 1: Shapes in Nature","Brownie","2-3","badge","Animals and Nature","5","1. Track natural objects | 2. Graph natural objects | 3. Make a spiderweb with symmetry | 4. Explore tessellations | 5. Collect data about birds","Look carefully at nature, track what you see, and create art inspired by natural objects.","When you've earned this badge, you will know about counting, graphing, symmetry, and tessellations. You’ll also know about spiders, birds, and other natural objects.","images/brownie/brownie--math-in-nature-1-shapes-in-nature.png","https://www.girlscoutshop.com/brownie-shapes-in-nature-badge"
"brownie--math-in-nature-2-numbers-in-nature","6e39d439-9fcc-4685-9923-5d094060c102","Math in Nature 2: Numbers in Nature","Brownie","2-3","badge","Animals and Nature","5","1. Explore temperature | 2. Measure the length of leaves | 3. Graph your leaf data | 4. Find space to grow | 5. Plot and plant a garden","Use your senses and other tools to gather information and learn about the natural world.","When you've earned this badge, you will know how to measure temperature and length. You’ll also know about square feet, diagrams, and grids. You'll have explored leaves and gardening.","images/brownie/brownie--math-in-nature-2-numbers-in-nature.png","https://www.girlscoutshop.com/brownie-numbers-in-nature-badge"
"brownie--math-in-nature-3-design-with-nature","7cc5e937-28a8-4bae-a8ac-60b2b637924e","Math in Nature 3: Design with Nature","Brownie","2-3","badge","Animals and Nature","5","1. Calculate the age of a natural object | 2. Explore the shape of beehives | 3. Measure and build a bird feeder | 4. Use ratios to make bird food | 5. Graph data about birds","Use math to do things in the natural world, like find the age of natural objects, build a honeycomb, design a bird feeder, and go bird-watching.","When you've earned this badge, you will know about natural objects. You’ll know how to measure, use scale and ratio, and make a graph.","images/brownie/brownie--math-in-nature-3-design-with-nature.png","https://www.girlscoutshop.com/brownie-design-with-nature-badge"
"brownie--me-time","4bb47759-cb3f-494a-95d9-b76169323791","Me Time","Brownie","2-3","badge","Balanced Living","5","1. Fuel yourself for fun | 2. Move to feel great | 3. Learn about body language | 4. Explore the world | 5. Try something new","Find out how to care for yourself and feel your best.","When you've earned this badge, you'll know what you can do to feel your best, both mentally and physically.","images/brownie/brownie--me-time.png","https://www.girlscoutshop.com/brownie-me-time-badge"
"brownie--mechanical-engineering-fling-flyer","e12e69a1-e7e6-42c1-8fdd-abe32a0a5aff","Mechanical Engineering: Fling Flyer","Brownie","2-3","badge","Technology and Innovation","5","1. Learn about forces that affect flight | 2. Design and build a Fling Flyer | 3. Test your Fling Flyer | 4. Analyze and share your results | 5. Brainstorm ways to improve your design","Work like an engineer to create a Fling Flyer, an airplane you'll make, and explore what keeps it and other things, such as birds, planes, and space ships, in the air.","When you’ve earned this badge, you'll have learned about the forces that affect flight as you design, build, and test a Fling Flyer. You'll know how to design an investigation—and fine-tune your design after testing it, just like engineers.","images/brownie/brownie--mechanical-engineering-fling-flyer.png","http://www.girlscoutshop.com/Brownie-Fling-Flyer-Design-Challenge"
"brownie--mechanical-engineering-leap-bot","ef4e78b9-7227-48de-a9a5-abecf22cf52e","Mechanical Engineering: Leap Bot","Brownie","2-3","badge","Technology and Innovation","5","1. Learn about springs | 2. Build your Leap Bot | 3. Create a way to test how well your Leap Bot performs | 4. Record the results of your test | 5. Share your results","Design, build, and test things like an engineer as you create your own Leap Bot.","When you’ve earned this badge, you'll have learned about engineering, gravity, and force by building and testing a Leap Bot. You will know how to build and test a new product.","images/brownie/brownie--mechanical-engineering-leap-bot.png","http://www.girlscoutshop.com/Brownie-Leap-Bot-Design-Challenge"
"brownie--mechanical-engineering-race-car","f5f9c9b9-0d1f-47a1-87d1-70ba3f32e053","Mechanical Engineering: Race Car","Brownie","2-3","badge","Technology and Innovation","5","1. Learn how design can affect speed | 2. Design and build your race car | 3. Design your racetrack | 4. Conduct a fair test and record results | 5. Share what you learned","Design, build, and test your own race car to explore how science can make a faster race car!","When you’ve earned this badge, you'll have designed a race car and a race track and carried out “fair tests” to learn how design affects speed.","images/brownie/brownie--mechanical-engineering-race-car.png","http://www.girlscoutshop.com/Brownie-Race-Car-Design-Challenge"
"brownie--my-cookie-customers","26fba8cc-2cf2-43dd-ac44-ac933085ef7e","My Cookie Customers","Brownie","2-3","badge","Leadership and Your Future","5","1. Learn about Girl Scout Cookies | 2. Decide how to use your cookie money | 3. Find customers | 4. Handle money and make change | 5. Connect with customers","Find out how to get new customers and keep them coming back.","When you've earned this badge, you will know how to find new customers and talk to them about your cookie business.","images/brownie/brownie--my-cookie-customers.png","https://www.girlscoutshop.com/brownie-my-cookie-customers-badge"
"brownie--my-family-story","d971805c-548d-4237-8016-f09d9eb847cb","My Family Story","Brownie","2-3","badge","Art and Imagination","5","1. Explore family stories | 2. Know where your family is from | 3. Make a story tree | 4. Find an object that means something to your family | 5. Share your family story","Find out more about your family—the people you love and who love you.","When you've earned this badge, you'll know how to tell your family story. This badge comes in a packet that includes the Computer Expert, My Best Self, Dancer, Home Scientist, and My Family Story badges.","images/brownie/brownie--my-family-story.png","http://www.girlscoutshop.com/BROWNIE-MY-FAMILY-STORY-BADGE"
"brownie--my-great-day","72460d83-4775-4ccd-a44c-f98d2ca5b23b","My Great Day","Brownie","2-3","badge","Balanced Living","5","1. Start your day right | 2. Sort out your stuff | 3. Make homework a breeze | 4. Plan ahead | 5. Help others get organized","Try out ways to get organized and learn how to help your family and friends stay organized too.","When you've earned this badge, you'll be able to organize yourself to have a great day every day. This badge comes in a packet that includes the Potter, Household Elf, Senses, Hiker, and My Great Day badges.","images/brownie/brownie--my-great-day.png","http://www.girlscoutshop.com/BROWNIE-MY-GREAT-DAY-BADGE"
"brownie--my-own-budget","71468713-c1cf-4e1d-94b4-d76c19d73ba5","My Own Budget","Brownie","2-3","badge","Balanced Living","5","1. Find out how people spend money | 2. Learn how to save | 3. Find out what it means to share | 4. Explore your wants and needs | 5. Make a budget and set goals.","Find out how to spend, save, and share by creating a budget.","When you’ve earned this badge, you will know how to spend, save, and share money.","images/brownie/brownie--my-own-budget.png","https://www.girlscoutshop.com/brownie-my-own-budget-badge"
"brownie--outdoor-adventurer","bd01d575-e503-4508-beb1-cca8581c2aab","Outdoor Adventurer","Brownie","2-3","badge","Sports and Recreation","5","1. Play outdoors in a new way | 2. Explore nature | 3. Buddy up and play outdoor games | 4. Learn a camp skill | 5. Care for the outdoors","Explore outdoor activities that are new to you.","When you’ve earned this badge, you’ll have tried a lot of new things outdoors and learned which activities you want to do again.","images/brownie/brownie--outdoor-adventurer.png","http://www.girlscoutshop.com/BROWNIE-OUTDOOR-ADVENTURER-BADGE"
"brownie--outdoor-art-creator","d886b889-93d9-4577-a0eb-7be7320fa957","Outdoor Art Creator","Brownie","2-3","badge","Art and Imagination","5","1. Find art ideas outdoors | 2. Make something! | 3. Dance or make music outdoors | 4. Be a nature photographer | 5. Design with nature","Find out how you can make your own art outdoors and have fun doing it.","When you’ve earned this badge, you’ll know how to do different kinds of fun art projects outdoors.","images/brownie/brownie--outdoor-art-creator.png","http://www.girlscoutshop.com/BROWNIE-OUTDOOR-ART-CREATOR-BADGE"
"brownie--pets","2f4bef84-41fa-40d5-9903-fb020563de7d","Pets","Brownie","2-3","badge","Animals and Nature","5","1. Find out what care different pets need | 2. Keep a pet comfy | 3. Help a pet stay healthy and safe | 4. Make a pet feel loved | 5. Feed a pet","Learn how to choose the pet that's right for you—or find out how to take the best care of a pet you already have.","When you've earned this badge, you'll know how to take care of a pet.","images/brownie/brownie--pets.png","http://www.girlscoutshop.com/BROWNIE-PETS-BADGE"
"brownie--robotics-1-designing-robots","594b6c4b-aeca-4d67-a035-5d10eca7abe6","Robotics 1: Designing Robots","Brownie","2-3","badge","Technology and Innovation","5","1. Explore how robots imitate nature | 2. Learn about the parts of a robot | 3. Plan your robot | 4. Create a prototype | 5. Get feedback on your robot","Team up with your fellow Brownies to design a robot. Plan, build, and share your robot prototype.","When you’ve earned this badge, you'll know how to plan, build, and share feedback like an engineer by creating a prototype of a robot that helps other people or animals.","images/brownie/brownie--robotics-1-designing-robots.png","http://www.girlscoutshop.com/Brownie-Designing-Robots-Badge"
"brownie--robotics-2-programming-robots","656ce471-c65e-4627-ad07-1368065bc2e2","Robotics 2: Programming Robots","Brownie","2-3","badge","Technology and Innovation","5","1. Learn how robots work | 2. Discover the robot brain | 3. Learn about programming | 4. Try simple programming | 5. Code a robot","Learn about the robot brain by engineering a machine that helps a robot to land","When you’ve earned this badge, you'll know how to create a program that could be run by a robot.","images/brownie/brownie--robotics-2-programming-robots.png","http://www.girlscoutshop.com/Brownie-Programming-Robots-Badge"
"brownie--robotics-3-showcasing-robots","30748ad1-d5f7-404a-8cf5-eafe4fda5038","Robotics 3: Showcasing Robots","Brownie","2-3","badge","Technology and Innovation","5","1. Create a presentation to share how you designed your robot | 2. Tell others how you designed your robot | 3. Learn about robotics competitions | 4. Learn about robotics teams | 5. See robots in action","After engineers build their robots, they show them to others and enter them into challenges and competitions.","Note: Unlike the other Robotics badges, these steps include options. You may be able to complete multiple steps, particularly three through five, at once. When you’ve earned this badge, you'll know how to share your robot with others.","images/brownie/brownie--robotics-3-showcasing-robots.png","http://www.girlscoutshop.com/Brownie-Showcasing-Robots-Badge"
"brownie--senses","d0419e5f-fb8d-4e7a-838b-dbbeb0e5577d","Senses","Brownie","2-3","badge","Sports and Recreation","5","1. Look around | 2. Listen to the world | 3. Put your nose to work | 4. Take a taste test | 5. Touch and feel","You have five senses that work together to let you see, hear, smell, taste, and touch the world around you. Try all five in this badge!","When you've earned this badge, you'll know how you use your five senses to explore the world. This badge comes in a packet that includes the Potter, Household Elf, Senses, Hiker, and My Great Day badges.","images/brownie/brownie--senses.png","http://www.girlscoutshop.com/BROWNIE-SENSES-BADGE"
"brownie--snacks","3eaa175c-f034-4619-9526-a1ed0926583f","Snacks","Brownie","2-3","badge","Balanced Living","5","1. Find out about different types of snacks | 2. Make a savory snack | 3. Try a sweet snack | 4. Snack for energy | 5. Slurp a snack","Make great snacks for yourself and your friends.","When you've earned this badge, you'll know how to make yummy snacks for your family and friends.","images/brownie/brownie--snacks.png","http://www.girlscoutshop.com/BROWNIE-SNACKS-BADGE"
"brownie--space-science-adventurer","a67191b7-d5a3-4fdf-b6f9-20729404b500","Space Science Adventurer","Brownie","2-3","badge","Your World Near and Far","5","1. Meet the neighbors | 2. See more than before | 3. Investigate the Moon | 4. Be a stargazer | 5. Celebrate and share","Investigate the complexities of the sky as you learn to see things in a new way.","When you’ve earned this badge, you'll know how to investigate the Sun, Moon, planets, and stars.","images/brownie/brownie--space-science-adventurer.png","http://www.girlscoutshop.com/Brownie-Space-Science-Adventurer-Badge"
"junior--animal-habitats","f2b679a7-c938-4a02-b6e4-2f07a46833ce","Animal Habitats","Junior","4-5","badge","Animals and Nature","5","1. Find out about wild animals | 2. Investigate an animal habitat | 3. Create an animal shelter | 4. Explore endangered habitats | 5. Help protect animal habitats","Learn about where and how animals live, how they play, and how we can help them.","When you've earned this badge, you'll know more about wild animals and how to protect their homes.","images/junior/junior--animal-habitats.png","https://www.girlscoutshop.com/JUNIOR-ANIMAL-HABITATS-BADGE"
"junior--automotive-1-design","e8f5f584-91f5-49c1-b1a3-2e6ad2cf86c9","Automotive 1: Design","Junior","4-5","badge","Technology and Innovation","5","1. Explore mobility across time | 2. Conduct automotive market research | 3. Create your vehicle’s design criteria | 4. Sketch a vehicle to meet your criteria | 5. Sculpt and share your vehicle","Do you want to take a ride in your dream car? Before you can do that, you need to design it! Discover how to create vehicles by sketching and sculpting a model.","When you've earned this badge, you'll know about innovation and market research. You’ll know how to create criteria, sketch, and sculpt a vehicle.","images/junior/junior--automotive-1-design.png","https://www.girlscoutshop.com/junior-automotive-design-badge"
"junior--automotive-2-engineering","9801d218-fead-49d1-8767-ca0f49c3a3cf","Automotive 2: Engineering","Junior","4-5","badge","Technology and Innovation","5","1. Learn about simple machines in vehicles | 2. Engineer a vehicle that uses alternative fuel | 3. Build a vehicle prototype | 4. Test and revise your vehicle prototype | 5. Share your vehicle prototype and testing results When you've earned this badge, you'll know how to use the Design Thinking Process to plan, build, test, and improve prototypes.","Find out how automotive engineers fuel the future by building and testing vehicles. Then, create your own model of an alternative fuel vehicle!","","images/junior/junior--automotive-2-engineering.png","https://www.girlscoutshop.com/junior-automotive-engineering-badge"
"junior--automotive-3-manufacturing","9e62fdb2-aef4-4873-b903-4e22eb878f57","Automotive 3: Manufacturing","Junior","4-5","badge","Technology and Innovation","5","1. Experience the manufacturing process | 2. Learn about the automotive manufacturing process | 3. Plan your own automotive manufacturing process | 4. Manufacture a set of vehicles | 5. Innovate your automotive manufacturing process","Explore how automotive manufacturers build lots of vehicles without wasting time and how they make sure the vehicles are ready for the road!","When you've earned this badge, you'll know how high quality vehicles are manufactured.","images/junior/junior--automotive-3-manufacturing.png","https://www.girlscoutshop.com/junior-automotive-manufacturing-badge"
"junior--budget-maker","cc020f0c-de21-41dd-93ca-8c183d639726","Budget Maker","Junior","4-5","badge","Balanced Living","5","1. Investigate why you want what you want | 2. Practice spend-save-share | 3. Learn how to decide what to buy | 4. Find out how financial services help people save | 5. Build a spend-save-share plan","Create a budget to help you plan to meet your goals and learn smart ways to spend, save, and share money.","When you’ve earned this badge, you’ll be able to create a budget to save for the things you want and need.","images/junior/junior--budget-maker.png","https://www.girlscoutshop.com/junior-budget-maker-badge"
"junior--business-jumpstart","c4920e4d-0de6-45fb-ac78-4cb8be2ad699","Business Jumpstart","Junior","4-5","badge","Leadership and Your Future","5","1. Create a prototype that solves a problem | 2. Get feedback | 3. Revise your prototype | 4. Come up with a pitch | 5. Pitch your idea to an audience","Everyone has the ability to come up with an idea—it’s what you do to bring it to life that makes you an entrepreneur!","When you've earned this badge, you will have come up with an idea, gotten feedback on it, and pitched it to others—just like an entrepreneur!","images/junior/junior--business-jumpstart.png","https://www.girlscoutshop.com/junior-business-jumpstart-badge"
"junior--camper","eb2cfc09-d263-492c-9576-7708cde71071","Camper","Junior","4-5","badge","Outdoor Adventure","5","1. Start planning your adventure | 2. Gain a new camping skill | 3. Find your inner camp chef | 4. Try a new activity | 5. Head out on your trip—and have some nighttime fun!","Find out how to plan a camping adventure.","When you've earned this badge, you'll know how to have a great overnight camping trip at a campsite or cabin. This badge comes in a packet that includes the Jeweler, Gardener, Detective, Camper, and Independence badges.","images/junior/junior--camper.png","http://www.girlscoutshop.com/JUNIOR-CAMPER-BADGE"
"junior--coding-for-good-1-coding-basics","50633624-7552-45c4-9fff-38a975273772","Coding for Good 1: Coding Basics","Junior","4-5","badge","Technology and Innovation","5","1. Create algorithms for a computer that follow a sequence | 2. Use loops to improve your algorithm | 3. Keep your code interesting with conditionals | 4. Create your own set of commands that use conditionals | 5. Learn about women in computer science","Find out how programmers write computer programs for computers to solve problems.","When you've earned this badge, you'll know how programmers write computer programs and how people can use computers to help others.","images/junior/junior--coding-for-good-1-coding-basics.png","https://www.girlscoutshop.com/junior-coding-basics-badge"
"junior--coding-for-good-2-digital-game-design","b26c14c5-ad95-4077-8f47-a2b48da79b24","Coding for Good 2: Digital Game Design","Junior","4-5","badge","Technology and Innovation","5","1. Discover how game design can be used ""for good"" | 2. Explore tools used to develop digital games | 3. Plan a maze game | 4. Build, test, and improve your maze game using iteration | 5. Share your game with others","Find out how programmers create a video game that is fun and helps solve a problem.","When you've earned this badge, you'll know how to use iteration to plan, build, and test a game ""for good.""","images/junior/junior--coding-for-good-2-digital-game-design.png","https://www.girlscoutshop.com/junior-digital-game-design-badge"
"junior--coding-for-good-3-app-development","35204581-2ff2-4919-8416-e99394c8d2d8","Coding for Good 3: App Development","Junior","4-5","badge","Technology and Innovation","5","1. Discover the needs of others | 2. Decompose the needs of your app user | 3. Design your app screens | 4. Include conditionals in your app design | 5. Share and improve your app with user feedback","Design your own idea for an app that solves a problem.","When you've earned this badge, you'll know how to use user-centered design to create an app.","images/junior/junior--coding-for-good-3-app-development.png","https://www.girlscoutshop.com/junior-app-development-badge"
"junior--cookie-collaborator","b8ab57dd-9638-4b0b-8192-5c68229cd404","Cookie Collaborator","Junior","4-5","badge","Leadership and Your Future","5","1. Get to know the Girl Scout Cookie business | 2. Decide on your goals | 3. Collaborate on a troop budget | 4. Reach more customers | 5. Learn from your customers","Learn to collaborate with your troop, community, and network to grow your cookie business.","When you've earned this badge, you will know how to work with your Girl Scout team to set goals and make decisions to run your cookie business, and how to collaborate with your friends and family to connect with more customers.","images/junior/junior--cookie-collaborator.png","https://www.girlscoutshop.com/junior-cookie-collaborator-badge"
"junior--cookie-entrepreneur-family-pin","a8b2a60a-0aa1-4ea7-84d8-abc880691a40","Cookie Entrepreneur Family Pin","Junior","4-5","pin","Awards","5","1. Strategize your sales. | 2. Learn from the past | 3. Run the show | 4. Fine-tune your pitch | 5. Know your product","Have fun with your family as you earn this award while running your Girl Scout Cookie® business.","","images/junior/junior--cookie-entrepreneur-family-pin.png","https://www.girlscoutshop.com/custitem_grade_level/Junior"
"junior--cookie-entrepreneur-family-pin--2","1479b2b8-0f3d-4887-82e3-70a323e611d4","Cookie Entrepreneur Family Pin","Junior","4-5","pin","Awards","5","1. Strategize your sales. | 2. Learn from the past | 3. Run the show | 4. Fine-tune your pitch | 5. Know your product","Have fun with your family as you earn this award while running your Girl Scout Cookie® business.","","images/junior/junior--cookie-entrepreneur-family-pin--2.png","https://www.girlscoutshop.com/custitem_grade_level/Junior"
"junior--cybersecurity-1-basics","1a7169f9-04c2-4e91-8794-bdc2b60c380c","Cybersecurity 1: Basics","Junior","4-5","badge","Technology and Innovation","5","1. Find out how computers read information | 2. Discover how networks work | 3. Find out what protocols are and create one | 4. Explore computer communication protocol | 5. Find out what malware is","Find out how computers talk to each other.","When you’ve earned this badge, you'll know the basics of cybersecurity and how computers communicate.","images/junior/junior--cybersecurity-1-basics.png","http://girlscoutshop.com/Junior-Cybersecurity-Basics-Badge"
"junior--cybersecurity-2-safeguards","318ca4b6-c398-47cc-9172-0f70b4634470","Cybersecurity 2: Safeguards","Junior","4-5","badge","Technology and Innovation","5","1. Create and protect a username | 2. Create and protect a password | 3. Discover how you share information and what to share | 4. Find out how information online can last forever | 5. Find out who is trustworthy online","Find out how to keep your online identity safe.","When you’ve earned this badge, you'll know know how to protect your online identity and stay safe online.","images/junior/junior--cybersecurity-2-safeguards.png","http://girlscoutshop.com/Junior-Cybersecurity-Safeguards-Badge"
"junior--cybersecurity-3-investigator","46ab695b-3d7e-41ff-9e66-a271f958a16b","Cybersecurity 3: Investigator","Junior","4-5","badge","Technology and Innovation","5","1. Create and crack a shift cipher code | 2. Find out how updates can help your security | 3. Explore identity theft | 4. Find out what to do if your identity is stolen | 5. Investigate if a message is real or fake","Become a cybersecurity investigator and learn how to spot threats online.","When you’ve earned this badge, you'll know how computers use codes to communicate and how to spot cyber crime.","images/junior/junior--cybersecurity-3-investigator.png","http://girlscoutshop.com/Junior-Cybersecurity-Investigator-Badge"
"junior--democracy-for-juniors","a895e2a4-2da4-468a-801c-598fbc371411","Democracy for Juniors","Junior","4-5","badge","Your World Near and Far","5","1. Find out about local government | 2. Find out about state government | 3. Find out about our country’s legislative branch | 4. Find out about our country’s executive branch | 5. Find out about our country’s judicial branch","Learn more about how your government works—from your town or city to the whole country.","When you've earned this badge, you will know more about how government works—from your town or city to the whole country.","images/junior/junior--democracy-for-juniors.png","https://www.girlscoutshop.com/democracy-for-juniors-badge"
"junior--detective","c07e653d-e672-41c7-859e-6e996ad25587","Detective","Junior","4-5","badge","Sports and Recreation","5","1. Practice the power of observation | 2. Communicate in code | 3. Fingerprint for fun | 4. Try out detective science | 5. Follow the clues to solve a real mystery!","Try out the skills that make great detectives.","When you've earned this badge, you'll know how to follow clues and discover facts like a real detective. This badge comes in a packet that includes the Jeweler, Gardener, Detective, Camper, and Independence badges.","images/junior/junior--detective.png","http://www.girlscoutshop.com/JUNIOR-DETECTIVE-BADGE"
"junior--digital-leadership","48e0f15e-a8f4-42c8-8fd4-2f187432bbf6","Digital Leadership","Junior","4-5","badge","Stem","5","1. Explore how you connect with others | 2. Discover your digital footprint | 3. Consider the source | 4. Design a digital commmunity | 5. Create content for change","Find out how you can use technology to help others and explore how to learn, share, and lead in the digital world.","When you've earned this badge, you will know how to protect yourself and others online. You’ll know how technology can make the world a better place.","images/junior/junior--digital-leadership.png","https://www.girlscoutshop.com/junior-digital-leadership-badge"
"junior--digital-photographer","ed2a46df-0f2a-4505-8aec-ed206bea5ce1","Digital Photographer","Junior","4-5","badge","Technology and Innovation","5","1. Learn about digital cameras from an expert | 2. Take tons of photographs! | 3. Edit three photos | 4. Make a digital photo project | 5. Share your photos","Find out how to capture a winning photo with your digital device, whether you're using a phone, tablet, laptop, or digital camera.","When you've earned this badge, you'll know how to use a digital camera to create one-of-a-kind photos. This badge comes in a packet that includes the Digital Photographer, Staying Fit, Musician, Entertainment Technology, and Scribe badges.","images/junior/junior--digital-photographer.png","http://www.girlscoutshop.com/JUNIOR-DIGITAL-PHOTOGRAPHER-BADGE"
"junior--eco-camper","5a5b5c9d-23d2-4b2e-afdc-7d9788b27a97","Eco Camper","Junior","4-5","badge","Outdoor Adventure","5","1. Learn the Leave No Trace Seven Principles | 2. Plan meals with the environment in mind | 3. Prepare a minimal impact campsite | 4. Have fun with Leave No Trace | 5. Take a conservation hike","Find out how to protect the environment when you go on a camping trip.","When you’ve earned this badge, you’ll have learned skills for minimal impact camping and know how to protect the environment when you go outdoors.","images/junior/junior--eco-camper.png","http://www.girlscoutshop.com/Junior-Eco-Camper-Badge"
"junior--entertainment-technology","48c03fc1-743d-407f-b05d-a70b7cc13ae0","Entertainment Technology","Junior","4-5","badge","Stem; Art and Imagination","5","1. Animate your own artwork | 2. Dig into video game development | 3. Try the science of amusement park rides | 4. Create your own special effects | 5. Surf a sound wave","Explore the ins and outs of entertainment technology.","When you've earned this badge, you'll know the science behind the world of entertainment. This badge comes in a packet that includes the Digital Photographer, Staying Fit, Musician, Entertainment Technology, and Scribe badges.","images/junior/junior--entertainment-technology.png","http://www.girlscoutshop.com/JUNIOR-ENTERTAINMENT-TECHNOLOGY-BADGE"
"junior--flowers","860ce8d4-9133-48b7-b142-66c68a608ab0","Flowers","Junior","4-5","badge","Animals and Nature","5","1. Uncover the science of one flower | 2. Look under the petals | 3. Find out how flowers help people | 4. Have fun with flowers | 5. Send a message in flower code","Discover that there’s more to flowers than just good looks.","When you've earned this badge, you'll know all that's wonderful about flowers.","images/junior/junior--flowers.png","http://www.girlscoutshop.com/JUNIOR-FLOWERS-BADGE"
"junior--gardener","c28f136f-6703-4fed-95bf-884200369a5e","Gardener","Junior","4-5","badge","Art and Imagination","5","1. Visit a garden | 2. Explore garden design | 3. Learn how to choose garden plants | 4. Experiment with seeds | 5. Grow your own garden","Find out how to make your own garden, no matter where you live.","When you've earned this badge, you'll know how to help plants and flowers grow. This badge comes in a packet that includes the Jeweler, Gardener, Detective, Camper, and Independence badges.","images/junior/junior--gardener.png","http://www.girlscoutshop.com/JUNIOR-GARDENER-BADGE"
"junior--geocacher","15a2ab1d-6a7c-4e59-81ab-6579bb78c276","Geocacher","Junior","4-5","badge","Outdoor Adventure","5","1. Prepare for your adventure | 2. Learn to use a GPS receiver | 3. Make a trade item | 4. Go on a geocaching adventure | 5. Take part in a bug's travels!","Find out about geocaching. You'll search for treasure chests, called ""geocaches,"" using a device called a GPS receiver.","When you've earned this badge, you'll know how to have a geocaching adventure. This badge comes in a packet that includes the Geocacher, Animal Habitats, Playing the Past, Product Designer, and Social Butterfly badges.","images/junior/junior--geocacher.png","http://www.girlscoutshop.com/JUNIOR-GEOCACHER-BADGE"
"junior--horseback-riding","3dfc304b-adf4-454d-a581-e096297d39e1","Horseback Riding","Junior","4-5","badge","Sports and Recreation","5","1. Know the basics of horseback riding | 2. Take care of a horse and learn about safety | 3. Prepare for your ride | 4. Practice your ride | 5. Go for a ride","Find out about horse behavior and riding basics.","When you've earned this badge, you’ll know what it takes to be a good rider—from understanding horse body language to controlling the horse’s speed while you're riding.","images/junior/junior--horseback-riding.png","http://www.girlscoutshop.com/JUNIOR-HORSEBACK-RIDING-BADGE"
"junior--independence","848351e6-dc82-4753-ba52-2ff4b49857e3","Independence","Junior","4-5","badge","Balanced Living","5","1. Get transportation smart | 2. Make your clothes look great | 3. Break a bad habit | 4. Help around the house | 5. Show off your independence!","Get to know yourself and what you're capable of so you can feel confident on your own.","When you've earned this badge, you'll feel more confident doing things on your own—and know how to help others be confident in you. This badge comes in a packet that includes the Jeweler, Gardener, Detective, Camper, and Independence badges.","images/junior/junior--independence.png","http://www.girlscoutshop.com/JUNIOR-INDEPENDENCE-BADGE"
"junior--inside-government","8f51d51f-05aa-4374-bfca-f57cfc3a97fd","Inside Government","Junior","4-5","badge","Your World Near and Far","5","1. Decide what being an active citizen means to you | 2. Go inside government | 3. Look into laws | 4. Report on the issues | 5. Get involved in government","Find out more about the basics of government and start to become an active citizen.","When you've earned this badge, you'll know more about how government is run.","images/junior/junior--inside-government.png","http://www.girlscoutshop.com/JUNIOR-INSIDE-GOVERNMENT-BADGE"
"junior--journey-agent-of-change","7085a391-8cd0-4bdc-a59c-c6414f2d6f23","Journey: Agent of Change","Junior","4-5","journey","Lifeskills; Journey","3","1. Explore how powerful individual women have been throughout history, how your own individual powers can be linked together to create a powerful team, and how your team power can become community power. | 2. Plan a Take Action project that helps others. | 3. Earn 3 leadership awards: Power of One, Power of Team, and Power of Community. If you're a Girl Scout volunteer, go to Volunteer Toolkit for complete meeting plans and activity instructions.","In this Journey, you will:","Learn more about how to earn your Take Action Award — and help your community — with the Girl Scout Take Action Guide. Then use your leadership skills to earn your Bronze Award, the highest award for Girl Scout Juniors! Journeys are retiring on October 1, 2026.","images/junior/junior--journey-agent-of-change.png","https://www.girlscoutshop.com/JUNIOR-JOURNEY-AWARD-PATCH-SET"
"junior--journey-get-moving","9e9bbdb0-d446-474d-8559-c8f6bf694007","Journey: GET MOVING!","Junior","4-5","journey","Stem; Journey","3","1. Explore energy and how to use it wisely by interviewing power-use experts and conducting an energy audits of a building in your community. | 2. Plan a Take Action project to fix an energy problem in your community. Your could launch carpools, work to dim the lights on city buildings, or promote energy savings at your school. | 3. Earn 3 leadership awards: The Energize Award, the Investigate Award, and the Innovate Award. If you're a Girl Scout volunteer, go to Volunteer Toolkit for complete meeting plans and activity instructions.","In this Journey, you will:","Learn more about how to earn your Take Action Award — and help your community — with the Girl Scout Take Action Guide. Then use your leadership skills to earn your Bronze Award, the highest award for Girl Scout Juniors! Journeys are retiring on October 1, 2026.","images/junior/junior--journey-get-moving.png","https://www.girlscoutshop.com/GET-MOVING-JUNIOR-AWARD-PATCH-SET"
"junior--journey-outdoor-junior","e67d272d-d27e-4770-8f63-f375a46a586b","Journey: Outdoor (Junior)","Junior","4-5","journey","Outdoor Adventure; Journey","3","1. Deepen your outdoor skills when you earn your Animal Habitat, Camper, and Eco Camper badges. | 2. Plan a Take Action project that helps make your favorite park, beach, or forest a better place for everyone. | 3. Earn a Take Action Award. If you're a Girl Scout volunteer, go to Volunteer Toolkit for complete meeting plans and activity instructions.","In this Journey, you will:","Learn more about how to earn your Take Action Award — and help your community — with the Girl Scout Take Action Guide. Then use your leadership skills to earn your Bronze Award, the highest award for Girl Scout Juniors! Journeys are retiring on October 1, 2026.","images/junior/junior--journey-outdoor-junior.png","https://www.girlscoutshop.com/badges-program/junior"
"junior--journey-think-like-a-citizen-scientist","e9faa07e-458a-4dca-9eea-6f8cd4d01a2c","Journey: Think Like a Citizen Scientist","Junior","4-5","journey","Stem; Journey","3","1. Find out how citizen scientists make observations, collect data, and work with scientists to receive feedback on research. | 2. Do 3 citizen science activities: sharpen your observation skills through 2 observation games and a SciStarter project. | 3. Plan a Take Action project that helps others. If you're a Girl Scout volunteer, go to Volunteer Toolkit for complete meeting plans and activity instructions.","In this Journey, you will:","Learn more about how to earn your Take Action Award — and help your community — with the Girl Scout Take Action Guide . Then use your leadership skills to earn your Bronze Award, the highest award for Girl Scout Juniors! Journeys are retiring on October 1, 2026.","images/junior/junior--journey-think-like-a-citizen-scientist.png","https://www.girlscoutshop.com/Brownie-Think-Like-a-Citizen-Scientist-Badge"
"junior--journey-think-like-a-programmer","9e0b4e16-ab9f-402a-863b-b73b24052753","Journey: Think Like a Programmer","Junior","4-5","journey","Stem; Journey","3","1. Find out how programmers use computational thinking to solve problems. | 2. Do 3 computational thinking activities: create algorithms to make images with tangrams; create mad libs and craft suncatchers to learn more about algorithms, abstraction, functions, and variables; and create a personal innovation to discover rapid prototyping. | 3. Plan a Take Action project that helps others. If you're a Girl Scout volunteer, go to Volunteer Toolkit for complete meeting plans and activity instructions.","In this Journey, you will:","Learn more about how to earn your Take Action Award — and help your community — with the Girl Scout Take Action Guide . Then use your leadership skills to earn your Bronze Award, the highest award for Girl Scout Juniors! Journeys are retiring on October 1, 2026.","images/junior/junior--journey-think-like-a-programmer.png","https://www.girlscoutshop.com/Brownie-Think-Like-an-Engineer-Badge"
"junior--journey-think-like-an-engineer","23bd4f13-256e-4db6-8b99-fdb5692d4ffe","Journey: Think Like an Engineer","Junior","4-5","journey","Stem; Journey","3","1. Find out how engineers use design thinking to solve problems | 2. Do 3 design thinking activities: design and build a paper structure that can support the weight of heavy books, an emergency shelter, and a prototype of a structure that can withstand an earthquake’s shaking. | 3. Plan a Take Action project that helps others. If you're a Girl Scout volunteer, go to Volunteer Toolkit for complete meeting plans and activity instructions.","In this Journey, you will:","Learn more about how to earn your Take Action Award — and help your community — with the Girl Scout Take Action Guide . Then use your leadership skills to earn your Bronze Award, the highest award for Girl Scout Juniors! Journeys are retiring on October 1, 2026.","images/junior/junior--journey-think-like-an-engineer.png","https://www.girlscoutshop.com/Junior-Think-Like-an-Engineer"
"junior--journey-amuse","f0c9143b-2f1c-40a6-a0e3-76a9823d33f4","Journey: aMUSE","Junior","4-5","journey","Lifeskills; Journey","3","1. Explore roles you play in your life and try on new ones—play a role-playing game, invite actors to talk about the characters they’ve played, or learn to spot stereotypes on TV, in movies, or in ads. | 2. Plan a Take Action Project, such as putting on a performance that creatively urges an end to stereotyping, drawing a graphic novel to share with younger girls, or starting a “mix it up” day in the school cafeteria and having girls sit with new people. | 3. Earn 3 leadership awards: Reach Out!, Speak Out!, and Try Out! If you're a Girl Scout volunteer, go to Volunteer Toolkit for complete meeting plans and activity instructions.","In this Journey, you will:","Learn more about how to earn your Take Action Award — and help your community — with the Girl Scout Take Action Guide. Then use your leadership skills to earn your Bronze Award, the highest award for Girl Scout Juniors! Journeys are retiring on October 1, 2026.","images/junior/junior--journey-amuse.png","https://www.girlscoutshop.com/JUNIOR-aMUSE-AWARD-PATCH-SET"
"junior--junior-art-and-design","fee00068-6627-4d54-af98-c9b68fbf7237","Junior Art and Design","Junior","4-5","badge","Art and Imagination","5","1. Discover art and design around you | 2. Make art about a subject | 3. Experiment with the elements | 4. Explore composition | 5. Design an art display","Examine and explore different styles and elements of art and design.","When you've earned this badge, you'll know how to turn ideas into art and design projects.","images/junior/junior--junior-art-and-design.png","https://www.girlscoutshop.com/junior-art-and-design-badge"
"junior--junior-craft-and-tinker","d90c7c87-6b19-4504-b79f-a06737e2a6ed","Junior Craft and Tinker","Junior","4-5","badge","Stem; Lifeskills","5","1. Explore crafting and tinkering | 2. Tinker with a craft | 3. Learn about users | 4. Craft for form, fit, and function | 5. Tinker with your project","Learn how to make something with care, skill, and imagination and then improve it.","When you've earned this badge, you'll know how to craft and tinker to solve problems.","images/junior/junior--junior-craft-and-tinker.png","https://www.girlscoutshop.com/junior-craft-and-tinker-badge"
"junior--junior-create-and-innovate","06951658-ba5b-4b2e-97c0-94660cc63495","Junior Create and Innovate","Junior","4-5","badge","Art and Imagination","5","1. Create a solution | 2. Make it function | 3. Create for a community | 4. Think bigger | 5. Share your creation","Explore how makers use their imaginations to solve problems, build new things, and change the world.","When you've earned this badge, you'll know how to use the design thinking process to improve things you create for others.","images/junior/junior--junior-create-and-innovate.png","https://www.girlscoutshop.com/junior-create-and-innovate-badge"
"junior--junior-first-aid","fac554c5-8298-4e63-9f1b-a73688cb22d8","Junior First Aid","Junior","4-5","badge","Balanced Living","5","1. Learn the first steps to take in an emergency | 2. Talk to first responders | 3. Make a portable first-aid kit | 4. Find out how to handle urgent first-aid issues | 5. Know how to take care of someone who's sick","Find out how to help people when they’re ill or injured and learn how to respond during an emergency.","When you've earned this badge, you'll know how to help people who are sick or hurt.","images/junior/junior--junior-first-aid.png","https://www.girlscoutshop.com/JUNIOR-FIRST-AID-BADGE"
"junior--junior-girl-scout-way","c88d8a65-e3ab-4c0d-bf8e-c80fe7f0dac9","Junior Girl Scout Way","Junior","4-5","badge","Your World Near and Far","5","1. Match songs to an occasion | 2. Celebrate the Girl Scout birthday | 3. Share sisterhood | 4. Leave a place better than you found it | 5. Enjoy Girl Scout traditions!","Find out about Girl Scout traditions and share activities and spirit that are a century strong.","When you've earned this badge, you'll know how to use the Girl Scout ways and traditions to make the world a better place.","images/junior/junior--junior-girl-scout-way.png","http://www.girlscoutshop.com/JUNIOR-GIRL-SCOUT-WAY-BADGE"
"junior--junior-stem-career-exploration","fe1f3611-f8f8-4451-b831-b196e4f2b335","Junior STEM Career Exploration","Junior","4-5","badge","Leadership and Your Future","5","1. Explore your interests | 2. Discover the possibilities | 3. Learn about the day-to-day | 4. Brainstorm your next steps | 5. Share your goals","Explore what you’re interested in and what you care about. Then, create a plan for how you’ll change the world!","When you've earned this badge, you'll know about STEM careers that make the world a better place.","images/junior/junior--junior-stem-career-exploration.png","https://www.girlscoutshop.com/junior-stem-career-exploration-badge"
"junior--junior-snow-or-climbing-adventure","8d8d76b2-6eea-4995-a4c6-74678213c352","Junior Snow or Climbing Adventure","Junior","4-5","badge","Sports and Recreation","5","1. Choose your outdoor adventure | 2. Plan and prepare | 3. Gather your gear | 4. Set a goal and train for your adventure | 5. Go on your outdoor adventure","Choose your adventure: Go downhill skiing/snowboarding, or recreational tree climbing.","When you've earned this badge, you'll have learned the skills—and experienced—downhill skiing, snowboarding, or recreational tree climbing.","images/junior/junior--junior-snow-or-climbing-adventure.png","https://www.girlscoutshop.com/junior-snow-or-climbing-adventure-badge"
"junior--junior-trail-adventure","d0b933ce-c3ed-48f2-8d3a-dc85a45614a2","Junior Trail Adventure","Junior","4-5","badge","Outdoor Adventure","5","1. Choose your outdoor adventure | 2. Plan and prepare | 3. Gather your gear | 4. Set a goal and train for your adventure | 5. Go on your outdoor adventure","Choose your adventure: Go on a trail run for a distance that challenges you, or train for and go on three separate day hikes.","When you've earned this badge, you'll have planned and learned the skills for trail running or three separate day hikes.","images/junior/junior--junior-trail-adventure.png","https://www.girlscoutshop.com/junior-trail-adventure-badge"
"junior--math-in-nature-1-shapes-in-nature","0f15d6e7-f173-43ce-9c01-0747024d52f2","Math in Nature 1: Shapes in Nature","Junior","4-5","badge","Animals and Nature","5","1. Identify symmetry in nature | 2. Explore bilateral symmetry in nature | 3. Create nature-inspired art with circular symmetry | 4. Find fractals in nature | 5. Search for the Fibonacci sequence","Explore patterns found in nature and use math to create your own.","When you've earned this badge, you will know about symmetry, fractals, and the Fibonacci sequence. You’ll have identified and made patterns inspired by nature.","images/junior/junior--math-in-nature-1-shapes-in-nature.png","https://www.girlscoutshop.com/junior-shapes-in-nature-badge"
"junior--math-in-nature-2-numbers-in-nature","e304298b-cc6e-4039-ac91-4c7da50d439c","Math in Nature 2: Numbers in Nature","Junior","4-5","badge","Animals and Nature","5","1. Tell time with nature | 2. Track the weather | 3. Explore the circumference of trees | 4. Search for shadows | 5. Find the area and perimeter of plants","Explore how math can be used to tell us all kinds of information about nature, from how tall or old a tree is to the weather, season, or time.","When you've earned this badge, you will know how to use math to tell time, predict the weather, and learn about trees. You’ll know how to measure shadows, perimeter, and area.","images/junior/junior--math-in-nature-2-numbers-in-nature.png","https://www.girlscoutshop.com/junior-numbers-in-nature-badge"
"junior--math-in-nature-3-design-with-nature","b0de3530-7f0c-48bd-a6ab-2c4c83598e29","Math in Nature 3: Design with Nature","Junior","4-5","badge","Animals and Nature","5","1. Find your hiking pace | 2. Choose a hiking trail | 3. Find changes in elevation on a map | 4. Decide how much food to bring | 5. Pack for your adventure","Use math to plan and organize an outdoor adventure. Decide where you’ll go, how long you’ll be gone for, and what you’ll bring.","When you've earned this badge, you will know about different types of maps. You’ll know how to calculate distance, pace, elevation changes, and area.","images/junior/junior--math-in-nature-3-design-with-nature.png","https://www.girlscoutshop.com/junior-design-with-nature-badge"
"junior--mechanical-engineering-balloon-car","de2c096d-e638-475d-810c-6700922a4870","Mechanical Engineering: Balloon Car","Junior","4-5","badge","Technology and Innovation","5","1. Learn about potential and kinetic energy | 2. Design and build a balloon car | 3. Test your balloon-powered car | 4. Analyze and share results | 5. Brainstorm ways to improve your design","Learn about air power and create an alternative fuel car.","When you've earned this badge, you'll know how to engineer a balloon-powered car and understand potential energy, kinetic energy, and jet propulsion.","images/junior/junior--mechanical-engineering-balloon-car.png","http://girlscoutshop.com/Junior-Balloon-Car-Design-Challenge-Badge"
"junior--mechanical-engineering-crane","5e4a6605-bbba-4f23-8e61-862286ca379c","Mechanical Engineering: Crane","Junior","4-5","badge","Technology and Innovation","5","1. Explore simple and compound machines | 2. Design and build a crane | 3. Test your crane | 4. Analyze and share your results | 5. Brainstorm ways to improve your design","Learn about simple machines and how they work together as you build your own heavy-lifting crane.","When you've earned this badge, you'll know how to build and test a crane and understand simple and compound machines.","images/junior/junior--mechanical-engineering-crane.png","http://girlscoutshop.com/Junior-Crane-Design-Challenge-Badge"
"junior--mechanical-engineering-paddle-boat","9c573677-5648-4899-82f8-c7b715354804","Mechanical Engineering: Paddle Boat","Junior","4-5","badge","Technology and Innovation","5","1. Explore how paddle boats work | 2. Design and build a rubber band-powered paddle boat | 3. Test your rubber band-powered paddle boat | 4. Analyze and share your results | 5. Brainstorm ways to improve your design","Explore how paddle boats work and engineer your own paddle boat.","When you've earned this badge, you'll know how to build and test a paddle boat and understand buoyancy, potential energy, and kinetic energy.","images/junior/junior--mechanical-engineering-paddle-boat.png","http://girlscoutshop.com/Junior-Paddle-Boat-Design-Challenge-Badge"
"junior--musician","39f2e0a4-ee44-45ca-bfa9-e16ef2cea177","Musician","Junior","4-5","badge","Art and Imagination; Lifeskills","5","1. Explore how music is made | 2. Travel around the world of music | 3. Check out the music in your life | 4. Make your own music | 5. Perform your music","Find out more about the fun of making music.","When you've earned this badge, you'll know how music is made and how to perform music yourself. This badge comes in a packet that includes the Digital Photographer, Staying Fit, Musician, Entertainment Technology, and Scribe badges.","images/junior/junior--musician.png","http://www.girlscoutshop.com/JUNIOR-MUSICIAN-BADGE"
"junior--my-cookie-team","e89a53d7-b668-46e9-812e-5792d89b18bd","My Cookie Team","Junior","4-5","badge","Leadership and Your Future","5","1. Find out about Girl Scout Cookies | 2. Decide how you will use your cookie money | 3. Set a troop budget and package goal | 4. Build your team | 5. Create your pitch to customers","Bring your different skills and ideas together to meet your goals.","When you've earned this badge, you will know how to use teamwork to help your cookie business","images/junior/junior--my-cookie-team.png","https://www.girlscoutshop.com/junior-my-cookie-team-badge"
"junior--my-money-plan","3d8b9f63-215d-480a-9bee-2da7cacd38ee","My Money Plan","Junior","4-5","badge","Financialliteracy; Entrepreneurship","5","1. Explore how to earn an income | 2. Investigate jobs and income | 3. Find out about income tax | 4. See the difference between saving and investing | 5. Protect money and information","Find out how people earn money and make it grow by saving and investing. Then investigate ways to protect your money and information.","When you’ve earned this badge, you’ll know how to earn an income, invest it, and protect it.","images/junior/junior--my-money-plan.png","https://www.girlscoutshop.com/junior-my-money-plan-badge"
"junior--outdoor-art-explorer","5f0145d8-230e-4a5e-b172-3c9b08905bf6","Outdoor Art Explorer","Junior","4-5","badge","Art and Imagination","5","1. Explore outdoor art | 2. Make something! | 3. Find music in nature | 4. Be a nature photographer | 5. Design with nature","Let nature be your inspiration as you explore, create, and design different kinds of art.","When you’ve earned this badge, you will know how to find the art in nature and create your own outdoor artwork.","images/junior/junior--outdoor-art-explorer.png","http://www.girlscoutshop.com/JUNIOR-OUTDOOR-ART-EXPLORER-BADGE"
"junior--playing-the-past","fab619fb-ba97-418e-bf48-50df9d016bff","Playing the Past","Junior","4-5","badge","Sports and Recreation","5","1. Decide who you are | 2. Create a costume | 3. Experience daily life | 4. Have some old-fashioned fun | 5. Become your character","Explore what it was like to live in the past. Dream up a character and get ready to live history!","When you've earned this badge, you'll know how girls of the past lived, worked, and played. This badge comes in a packet that includes the Geocacher, Animal Habitats, Playing the Past, Product Designer, and Social Butterfly badges.","images/junior/junior--playing-the-past.png","http://www.girlscoutshop.com/JUNIOR-PLAYING-THE-PAST-BADGE"
"junior--practice-with-purpose","09f9c6ca-da4c-45ad-8521-85bb2e6cbed2","Practice with Purpose","Junior","4-5","badge","Sports and Recreation","5","1. Decide on your goal | 2. Increase your endurance | 3. Build up your strength | 4. Drill for skill | 5. Practice, practice, practice!","Have fun with athletics as you learn to improve a skill.","When you've earned this badge, you'll know how to set a sports goal and practice to achieve it.","images/junior/junior--practice-with-purpose.png","http://www.girlscoutshop.com/JUNIOR-PRACTICE-WITH-PURPOSE-BADGE"
"junior--robotics-1-designing-robots","56f47115-fd72-4f15-8562-c55e1bcf7035","Robotics 1: Designing Robots","Junior","4-5","badge","Technology and Innovation","5","1. Discover the future of robots | 2. Determine your robot's expertise | 3. Plan your robot | 4. Create a prototype | 5. Get feedback on your robot","Plan and build a prototype of a robot that solves a global problem.","When you’ve earned this badge, you'll know how to plan, build, and share feedback like an engineer by creating a prototype of a robot that solves a global problem.","images/junior/junior--robotics-1-designing-robots.png","http://www.girlscoutshop.com/Junior-Designing-Robots-Badge"
"junior--robotics-2-programming-robots","d892fdbd-4d66-49b1-b34b-c2bb0e492073","Robotics 2: Programming Robots","Junior","4-5","badge","Technology and Innovation","5","1. Learn how robots work | 2. Discover the robot brain | 3. Learn about programming | 4. Try simple programming | 5. Code a robot","Engineer a simple machine that helps a robot land, learn about the robot brain, and create programs for your friends.","When you’ve earned this badge, you'll know how robots receive instructions in a way similar to the human brain. You will be able to create simple programs that could be run by a robot.","images/junior/junior--robotics-2-programming-robots.png","http://www.girlscoutshop.com/Junior-Programming-Robots-Badge"
"junior--robotics-3-showcasing-robots","c6cadbf7-8602-46e4-8ed1-b16064e88c7f","Robotics 3: Showcasing Robots","Junior","4-5","badge","Technology and Innovation","5","1. Create a presentation to share how you designed your robot | 2. Tell others how you designed your robot | 3. Learn about robotics competitions | 4. Learn about robotics teams | 5. See robots in action","Now that you have your robot prototype, create a presentation and share your design with others. Then, find out about robot teams and competitions.","Note: Unlike the other robotics badges, these steps include options. You may be able to complete multiple steps, particularly steps three through five, at once. When you’ve earned this badge, you will have shared your prototype and design process with others. You will see a robot in action and learn about robotics teams and competitions.","images/junior/junior--robotics-3-showcasing-robots.png","http://www.girlscoutshop.com/Junior-Showcasing-Robots-Badge"
"junior--scribe","107929af-d030-49c2-9818-59cc2bf6f6c1","Scribe","Junior","4-5","badge","Art and Imagination; Lifeskills","5","1. Start with a poem | 2. Create a short story | 3. Use words to share who you are | 4. Write an article | 5. Tell the world what you think","Explore what you can do with words and find out how you can encourage, entertain, and excite people with your writing.","When you've earned this badge, you'll know how to write different kinds of stories—both true tales and ideas from your imagination. This badge comes in a packet that includes the Digital Photographer, Staying Fit, Musician, Entertainment Technology, and Scribe badges.","images/junior/junior--scribe.png","http://www.girlscoutshop.com/JUNIOR-SCRIBE-BADGE"
"junior--simple-meals","719d14db-c401-4496-85f7-7805cd02090c","Simple Meals","Junior","4-5","badge","Balanced Living","5","1. Step up your skills with a pro | 2. Whip up a great breakfast | 3. Fix a healthy lunch or dinner | 4. Create a delicious dessert | 5. Make your own meal","Make amazing meals and learn to create a whole meal of your own.","When you've earned this badge, you'll know how to serve up a meal for your family and friends.","images/junior/junior--simple-meals.png","http://www.girlscoutshop.com/JUNIOR-SIMPLE-MEALS-BADGE"
"junior--social-butterfly","1abb3291-c2d0-4918-b417-eccca1ad9757","Social Butterfly","Junior","4-5","badge","Relationships; Lifeskills","5","1. Hold a conversation | 2. Use table manners | 3. Be prepared for special occasions | 4. Say thank you | 5. Practice being at ease","Have fun practicing the social style and good manners that will make you comfortable in any situation.","When you've earned this badge, you'll know how to act at many types of events, from picnics to weddings to parties. This badge comes in a packet that includes the Geocacher, Animal Habitats, Playing the Past, Product Designer, and Social Butterfly badges.","images/junior/junior--social-butterfly.png","http://www.girlscoutshop.com/JUNIOR-SOCIAL-BUTTERFLY-BADGE"
"junior--space-science-investigator","cf183420-2342-456f-8abd-0da740be8f15","Space Science Investigator","Junior","4-5","badge","Your World Near and Far","5","1. Model the Solar System | 2. Circle the Sun | 3. Discover the stars | 4. Use the tools to explore | 5. Use tools to explore","Venture through the Solar System and beyond, and see that space is even bigger than you may have imagined.","When you’ve earned this badge, you'll understand that the Earth orbits the Sun, and how far away the Sun, Moon, planets, and stars are from our home planet, Earth.","images/junior/junior--space-science-investigator.png","http://girlscoutshop.com/Junior-Space-Science-Investigator-Badge"
"junior--uniquely-us","9f7a1ac8-e7a3-4e03-b115-169190970584","Uniquely Us","Junior","4-5","badge","Balanced Living","5","1. Explore all the things your body can do | 2. Avoid the ""comparison trap"" | 3. Know that it's not all about your body | 4. Learn how to talk about it | 5. Celebrate differences—and find similarities","Discover how to appreciate what makes you one of a kind.","When you've earned this badge, you'll understand that everyone is unique and we're all just right—including you!","images/junior/junior--uniquely-us.png","https://www.girlscoutshop.com/junior-uniquely-us-badge"
"cadette--animal-helper","24484f30-227e-48cd-8f4b-53c3875f83af","Animal Helper","Cadette","6-8","badge","Animals and Nature","5","1. Explore the connection between humans and animals | 2. Find out how animals keep people safe | 3. Find out how animals help people emotionally | 4. Find out how animals perform tasks for people with disabilities | 5. Find out how you can help animals","Discover how animals help people—and discover how you can help animals in return.","When you've earned this badge, you'll know more about the connections between people and animals, how animals help people, and what you can do to help animals.","images/cadette/cadette--animal-helper.png","https://www.girlscoutshop.com/cadette-animal-helpers-badge"
"cadette--archery","e4e8c7f4-5fa9-4e22-b7bc-adf887a9a6e8","Archery","Cadette","6-8","badge","Sports and Recreation","5","1. Get to know archery equipment | 2. Learn about archery safety | 3. Practice archery before you go on a range | 4. Shoot on an archery range | 5. Create an archery challenge","Find out about archery, an exciting sport that takes strength, focus, good form, and practice.","When you’ve earned this badge, you’ll know how to take aim outdoors with your archery skills.","images/cadette/cadette--archery.png","http://www.girlscoutshop.com/CADETTE-ARCHERY-BADGE"
"cadette--babysitter","447140cd-f9da-4f6e-85d4-0ded75b8957e","Babysitter","Cadette","6-8","badge","Balanced Living","5","1. Get to know how kids develop | 2. Prepare for challenges | 3. Focus on play | 4. Find potential employers | 5. Practice your babysitting skills","Gain the skills that will help you become the best babysitter you can be.","When you've earned this badge, you'll be prepared to babysit and will have tried out your skills on the job. This badge comes in a packet that includes the Book Artist, Woodworker, Special Agent, Trailblazing, and Babysitter badges.","images/cadette/cadette--babysitter.png","http://www.girlscoutshop.com/CADETTE-BABYSITTER-BADGE"
"cadette--book-artist","46005512-92fd-41a2-bc7e-25ac901bda04","Book Artist","Cadette","6-8","badge","Art and Imagination","5","1. Explore the art of bookbinding | 2. Get familiar with the insides of a book | 3. Try out book artist techniques | 4. Focus on function | 5. Focus on style","Learn book artristry.","When you've earned this badge, you'll know how to make different kinds of books. This badge comes in a packet that includes the Book Artist, Woodworker, Special Agent, Trailblazing, and Babysitter badges.","images/cadette/cadette--book-artist.png","http://www.girlscoutshop.com/CADETTE-BOOK-ARTIST-BADGE"
"cadette--budget-manager","7c607010-2732-4957-8327-6ddc2926f83f","Budget Manager","Cadette","6-8","badge","Balanced Living","5","1. Find out how your budget reflects your values | 2. Learn how to track your spending | 3. Find ways to earn money for you or your troop | 4. Explore how to make money decisions | 5. Set a goal for how you’ll give back","Look at your values, explore your money habits, and practice being a good budget manager.","When you’ve earned this badge, you’ll be able to make informed money decisions that reflect your values and know how to track your spending.","images/cadette/cadette--budget-manager.png","https://www.girlscoutshop.com/cadette-budget-manager-badge"
"cadette--business-creator","249e61db-7831-4854-a3ca-7ae72f4ccdef","Business Creator","Cadette","6-8","badge","Outdoor Adventure","5","1. Come up with an idea that solves a problem | 2. Design a prototype and get feedback | 3. Revise your prototype | 4. Create your business plan | 5. Make your pitch When you've earned this badge, you will have learned to think like an entrepreneur when you come up with a business idea that solves a problem, design a prototype, solicit feedback, improve your idea, then create a business plan and pitch it.","Become a business creator and learn the skills you need for success in life, no matter what future path you choose.","","images/cadette/cadette--business-creator.png","https://www.girlscoutshop.com/cadette-business-creator-badge"
"cadette--cadette-first-aid","ce7b923b-c8b1-480f-b17c-b3eaf3cfea63","Cadette First Aid","Cadette","6-8","badge","Balanced Living","5","1. Know how to use everything in a first aid kit | 2. Understand how to prevent and respond to choking emergencies | 3. Find out how to handle outdoor musculoskeletal injuries | 4. Learn how to recognize and respond to seizures | 5. Learn to prevent and treat temperature-related health emergencies","Learn how to deal with minor injuries and illnesses and how to recognize and respond to some more serious conditions.","When you've earned this badge, you'll know how to use everything in a first aid kit and how to respond to choking, seizures, and other health emergencies.","images/cadette/cadette--cadette-first-aid.png","https://www.girlscoutshop.com/CADETTE-FIRST-AID-BADGE"
"cadette--cadette-girl-scout-way","1585a230-2147-4771-a30d-bd031565dc32","Cadette Girl Scout Way","Cadette","6-8","badge","Your World Near and Far","5","1. Lead a group in song | 2. Celebrate Girl Scout Week | 3. Share sisterhood through the Girl Scout Law | 4. Leave a camp better than you found it | 5. Enjoy Girl Scout traditions!","Learn about Girl Scout traditions and share activities and spirit that are a century strong.","When you've earned this badge, you'll know how to use Girl Scout ways and traditions to make the world a better place.","images/cadette/cadette--cadette-girl-scout-way.png","http://www.girlscoutshop.com/CADETTE-GIRL-SCOUT-WAY-BADGE"
"cadette--cadette-stem-career-exploration","16aae560-9d73-469e-ab44-ef257dc261ef","Cadette STEM Career Exploration","Cadette","6-8","badge","Outdoor Adventure","5","1. Explore how you want to make a difference | 2. Discover your career possibilities | 3. Learn about the day-to-day | 4. Brainstorm your next steps | 5. Map your career path","Explore careers that make a difference. Then, map out how you’ll help others and change the world!","When you've earned this badge, you'll know about STEM careers and how you can make the world a better place.","images/cadette/cadette--cadette-stem-career-exploration.png","https://www.girlscoutshop.com/cadette-stem-career-exploration-badge"
"cadette--cadette-snow-or-climbing-adventure","076a1b20-c468-4b24-9be6-78b19884c8cb","Cadette Snow or Climbing Adventure","Cadette","6-8","badge","Sports and Recreation","5","1. Choose your outdoor adventure | 2. Plan and prepare | 3. Gather your gear | 4. Set a goal and train for your adventure | 5. Go on your outdoor adventure","Choose your adventure: Go on a skiing/snowboarding trip, or have an outdoor climbing adventure.","When you've earned this badge, you'll have planned, learned the skills, and experienced a snowboarding or ski trip or an outdoor climbing adventure.","images/cadette/cadette--cadette-snow-or-climbing-adventure.png","https://www.girlscoutshop.com/cadette-snow-or-climbing-adventure-badge"
"junior--cadette-trail-adventure","c5e8ade3-2d4f-450b-9f1c-9732730788c6","Cadette Trail Adventure","Junior","4-5","badge","Outdoor Adventure","5","1. Choose your outdoor adventure | 2. Plan and prepare | 3. Gather your gear | 4. Set a goal and train for your adventure | 5. Go on your outdoor adventure","Choose your adventure: Go on a long-distance trail run, or take a hiking challenge.","When you've earned this badge, you'll have planned and learned the skills to do a long-distance trail run or take three separate challenging trail hikes.","images/junior/junior--cadette-trail-adventure.png","https://www.girlscoutshop.com/cadette-trail-adventure-badge"
"cadette--coding-for-good-1-coding-basics","8d8c7b1b-d13f-433a-8957-00acc162a0fe","Coding for Good 1: Coding Basics","Cadette","6-8","badge","Technology and Innovation","5","1. Learn about functions and arguments | 2. Explore how memes are created | 3. Write pseudocode for a meme | 4. Write shareable code | 5. Share your meme","Find out how to write a computer program and create a meme with a positive message.","When you've earned this badge, you'll know the basics of computer coding and how to create a meme that can have an impact on other people, your community, and the world.","images/cadette/cadette--coding-for-good-1-coding-basics.png","https://www.girlscoutshop.com/cadette-coding-basics-badge"
"cadette--coding-for-good-2-digital-game-design","79c5f3e9-48d9-43d7-a0e2-2e9a121cb44d","Coding for Good 2: Digital Game Design","Cadette","6-8","badge","Technology and Innovation","5","1. Create an avatar | 2. Learn how to use arrays to create images | 3. Write an array to create an icon | 4. Develop a game scenario | 5. Play your game","Explore how programmers design video games that make positive changes in the world.","When you've earned this badge, you'll know how video games are developed, how images are stored and displayed on screens, and how to use elements from Javascript to create game characters.","images/cadette/cadette--coding-for-good-2-digital-game-design.png","https://www.girlscoutshop.com/cadette-digital-game-design-badge"
"cadette--coding-for-good-3-app-development","c01275fb-f04a-4e31-889e-8b397f228df8","Coding for Good 3: App Development","Cadette","6-8","badge","Technology and Innovation","5","1. Learn about data collection and visualization | 2. Write an array to store personal data | 3. Create a personal data collection plan | 4. Learn how to correlate data | 5. Develop a prototype for a habit tracking app","Collect and visualize personal data to design a protype for an app that will help to build a healthy habit.","When you've earned this badge, you'll know how to use elements from JavaScript to create your own idea for a habit tracking app.","images/cadette/cadette--coding-for-good-3-app-development.png","https://www.girlscoutshop.com/cadette-app-development-badge"
"cadette--comic-artist","24db7edb-28b8-4130-bb81-46de39c2a925","Comic Artist","Cadette","6-8","badge","Art and Imagination","5","1. Delve into the world of comics | 2. Choose a story to tell | 3. Draw it out | 4. Frame it in four panels | 5. Add the words","Find out more about the world of comic art and then tell your own visual story.","When you've earned this badge, you'll know how to create your own comic.","images/cadette/cadette--comic-artist.png","http://www.girlscoutshop.com/CADETTE-COMIC-ARTIST-BADGE"
"cadette--cookie-entrepreneur-family-pin","4e95fa02-c96a-438a-9524-c4ba7b895c23","Cookie Entrepreneur Family Pin","Cadette","6-8","pin","Awards","5","1. Hit those benchmarks | 2. Choose your path | 3. Learn about financial planning | 4. Grow your network | 5. Thank your customers","Take the lead—getting support from your family—as you earn this award while running your Girl Scout Cookie® business.","","images/cadette/cadette--cookie-entrepreneur-family-pin.png","https://www.girlscoutshop.com/custitem_grade_level/Cadette?keywords=entrepreneur%2520family"
"cadette--cookie-entrepreneur-family-pin--2","8bb99daf-7f2d-4bd7-9f33-a0eb3a649445","Cookie Entrepreneur Family Pin","Cadette","6-8","pin","Awards","5","1. Hit those benchmarks | 2. Choose your path | 3. Learn about financial planning | 4. Grow your network | 5. Thank your customers","Take the lead—getting support from your family—as you earn this award while running your Girl Scout Cookie® business.","","images/cadette/cadette--cookie-entrepreneur-family-pin--2.png","https://www.girlscoutshop.com/custitem_grade_level/Cadette"
"cadette--cookie-entrepreneur-family-pin--3","6108568c-f8ee-4550-aa83-a7aad1d0c69e","Cookie Entrepreneur Family Pin","Cadette","6-8","pin","Awards","5","1. Hit those benchmarks | 2. Choose your path | 3. Learn about financial planning | 4. Grow your network | 5. Thank your customers","Take the lead—getting support from your family—as you earn this award while running your Girl Scout Cookie® business.","","images/cadette/cadette--cookie-entrepreneur-family-pin--3.png","https://www.girlscoutshop.com/custitem_grade_level/Cadette"
"cadette--cookie-innovator","59b48a77-3c5c-4752-af93-fe686bb9a26b","Cookie Innovator","Cadette","6-8","badge","Outdoor Adventure","5","1. Master your cookie business | 2. Choose a big idea, set goals, and build a budget | 3. Decide how to meet your big goals | 4. Explore ethics in your cookie business | 5. Sell your big dream to others","Create bolder and bigger goals for your cookie business and find unique ways to connect with your customers.","When you've earned this badge, you will know how to set bigger goals for your cookie business and come up with ways to reach them.","images/cadette/cadette--cookie-innovator.png","https://www.girlscoutshop.com/cadette-cookie-innovator-badge"
"cadette--cookie-market-researcher","d907096c-2585-4af3-9deb-e7a464379c35","Cookie Market Researcher","Cadette","6-8","badge","Outdoor Adventure","5","1. Know your product and resources | 2. Set goals and a budget | 3. Explore the Girl Scout Cookie brand | 4. Develop your marketing plan | 5. Create your marketing campaign","Explore your customers’ experience to help you reach more people and expand your business.","When you've earned this badge, you will know how to use market research to grow your cookie business and connect with customers.","images/cadette/cadette--cookie-market-researcher.png","https://www.girlscoutshop.com/cadette-cookie-innovator-badge"
"cadette--cybersecurity-1-basics","ecb035e7-ddaa-4d38-92ae-d02bf8fe5648","Cybersecurity 1: Basics","Cadette","6-8","badge","Technology and Innovation","5","1. Crack a code | 2. Hack a password | 3. Explore two-factor authentication | 4. Launch a Man-in-the-Middle attack | 5. Explore social engineering","Explore different hacking techniques and how to protect yourself with basic cybersecurity precautions.","When you've earned this badge, you'll know how (and why it’s important!) to protect yourself with strong passwords, secure encryption, and caution when clicking on links.","images/cadette/cadette--cybersecurity-1-basics.png","https://www.girlscoutshop.com/cadette-cybersecurity-basics-badge"
"cadette--cybersecurity-2-safeguards","98bd9a6e-39fd-4757-80c7-9eabb81c4116","Cybersecurity 2: Safeguards","Cadette","6-8","badge","Technology and Innovation","5","1. Guard your identity | 2. Create a profile based on your interests | 3. Learn about metadata | 4. Shop for apps in a life-sized app store | 5. Inventory your digital presence","Find out why it’s important to keep your personal information private online and how you can keep your data secure.","When you've earned this badge, you'll know about your digital footprint and how others can use data from your footprint to target you with both legitimate ads and social engineering scams.","images/cadette/cadette--cybersecurity-2-safeguards.png","https://www.girlscoutshop.com/cadette-cybersecurity-safeguards-badge"
"cadette--cybersecurity-3-investigator","c56412f5-86d0-4ddb-8833-4d7bc1638c6a","Cybersecurity 3: Investigator","Cadette","6-8","badge","Technology and Innovation","5","1. Find clues in text messages | 2. Identify phishing emails | 3. Learn how hackers use social media | 4. Analyze log files | 5. Protect your identity from hackers","Solve a series of fictional cyber crimes using what you know about cybersecurity.","When you've earned this badge, you'll know about the potential vulnerabilities and risks in personal digital communications (emails, text messages, and social media) and how you can protect your identity.","images/cadette/cadette--cybersecurity-3-investigator.png","https://www.girlscoutshop.com/cadette-cybersecurity-investigator-badge"
"cadette--democracy-for-cadettes","4aa29a6c-a142-44df-9775-757d6b36b8af","Democracy for Cadettes","Cadette","6-8","badge","Your World Near and Far","5","1. Find out about local government | 2. Find out about state government | 3. Find out about the federal legislative branch | 4. Find out about the federal executive branch | 5. Find out about the federal judicial branch","If you want to make a difference, start by fully understanding how your government works. Informed citizens are change makers!","When you've earned this badge, you will have learned new things about your government—how each branch works, how they work together, and how each piece makes a difference in society.","images/cadette/cadette--democracy-for-cadettes.png","https://www.girlscoutshop.com/democracy-for-cadettes-badge"
"cadette--digital-leadership","4ecc5da9-069b-4f5d-8314-25b2d97ffc63","Digital Leadership","Cadette","6-8","badge","Outdoor Adventure","5","1. Discover your digital landscape | 2. Investigate the digital world | 3. Design a digital commmunity | 4. Create content for change | 5. Share your process","Explore the digital world and how you can use technology to inspire and guide others.","When you've earned this badge, you will know how technology can be used to make a difference. You'll know how to make the internet a better place for yourself and others.","images/cadette/cadette--digital-leadership.png","https://www.girlscoutshop.com/cadette-digital-leadership-badge"
"cadette--digital-movie-maker","215cb455-3ad8-4e4e-bc5e-5713df6a5876","Digital Movie Maker","Cadette","6-8","badge","Technology and Innovation","5","1. Learn digital video basics | 2. Film. Then film some more... | 3. Pick the perfect subject | 4. Action! | 5. Edit and premiere your movie","Try your hand at movie making.","When you've earned this badge, you'll know how to create a digital movie. This badge comes in a packet that includes the Digital Movie Maker, Eating for You, Public Speaker, Science of Happiness, and Screenwriter badges.","images/cadette/cadette--digital-movie-maker.png","http://www.girlscoutshop.com/CADETTE-DIGITAL-MOVIE-MAKER-BADGE"
"junior--eco-trekker","870ae78a-20b9-45c9-8535-a5f0bbb39dfb","Eco Trekker","Junior","4-5","badge","Outdoor Adventure","5","1. Learn how to make minimal impact on a trek | 2. Plan an eco trek with a purpose | 3. Practice an eco skill while on your trek | 4. Make a difference on your eco trek | 5. Make a difference after your eco trek","Plan and take an outdoor trek—with minimal environmental impact.","When you’ve earned this badge, you’ll have learned the skills for minimizing your impact on the environment while planning and taking an outdoor trek.","images/junior/junior--eco-trekker.png","http://girlscoutshop.com/Cadette-Eco-Trekker-Badge"
"cadette--field-day","1b1b0fdb-c552-489c-9e89-6531f2a618a1","Field Day","Cadette","6-8","badge","Sports and Recreation","5","1. Team up and dress up | 2. Host a historical game | 3. Play a scientific game | 4. Find fun in fiction | 5. Stage your grand finale!","From friends playing in the park to countries competing against one another at the Olympics, games unite us all. And Girl Scouts have been inventing their own games since 1912! In this badge, you'll experience this firsthand, by organizing teams and events for an exciting, do-it-yourself field day.","When I've earned this badge, I'll know how to organize a field day filled with friends and fun. This badge comes in a packet that includes the Night Owl, Animal Helpers, Field Day, Entrepreneur, and Netiquette badges.","images/cadette/cadette--field-day.png","http://www.girlscoutshop.com/CADETTE-FIELD-DAY-BADGE"
"cadette--finding-common-ground","47e6f823-712d-4b5a-92da-7409b66caa5f","Finding Common Ground","Cadette","6-8","badge","Your World Near and Far","5","1. Get to know someone different from you | 2. Make decisions in a group | 3. Explore civil debate | 4. Understand a compromise | 5. Find common ground through mediation","Find out how people in democratic governments make trade-offs, giving up some things they favor to gain support for others.","When you've earned this badge, you'll know strategies for bringing people together to find common ground.","images/cadette/cadette--finding-common-ground.png","http://www.girlscoutshop.com/CADETTE-FINDING-COMMOM-GROUND-BADGE"
"cadette--good-sportsmanship","926b9675-ca42-4ee1-96c5-23e8f264bca5","Good Sportsmanship","Cadette","6-8","badge","Sports and Recreation","5","1. Create your own definition of sportsmanship | 2. Be a good competitor | 3. Be a good teammate | 4. Psych yourself up | 5. Put your definition of good sportsmanship into action","Find out how to make good sportsmanship a habit in games and in life.","When you've earned this badge, you'll know how you define sportsmanship and will have put your definition into action.","images/cadette/cadette--good-sportsmanship.png","http://www.girlscoutshop.com/CADETTE-GOOD-SPORTSMANSHIP-BADGE"
"cadette--journey-breathe","102356ad-c776-4d73-b778-f0ea6fe04026","Journey: Breathe","Cadette","6-8","journey","","3","1. Find out about the air we breathe by visiting a wind farm, talking to an environmental scientist, or doing experiments using wind. | 2. Plan a Take Action project to fix an air problem in your community. You could plant an indoor garden, campaign against smoking, or push for clean-air initiatives in your community. | 3. Earn 3 leadership awards: Aware, Alert, and Affirm. If you're a Girl Scout volunteer, go to Volunteer Toolkit for complete meeting plans and activity instructions.","In this Journey, you will:","Learn more about how to earn your Take Action Award — and help your community — with the Girl Scout Take Action Guide . Then use your leadership skills to earn your Silver Award, the highest award for Girl Scout Cadettes! Journeys are retiring on October 1, 2026.","images/cadette/cadette--journey-breathe.png","https://www.girlscoutshop.com/BREATHE-CADETTE-JOURNEY-AWARD-PATCH-SET"
"cadette--journey-media","2b36852d-bcd9-42a9-a21c-d902cbec0c91","Journey: MEdia","Cadette","6-8","journey","","3","1. Explore media and find out how to reshape negative media messages into more positive ones—invite a TV show producer to talk about what influences her work, organize a movie night and discuss the film’s messages, or write a rap song or TV script. | 2. Plan a Take Action Project that encourages positive messages in media—rewrite a song that has hurtful lyrics about women, create a blog that reviews how movies and TV shows depict girls, or start a Twitter campaign responding to stereotypes you see in the media. | 3. Earn 3 awards: Monitor Award, Influence Award, and Cultivate Award. If you're a Girl Scout volunteer, go to Volunteer Toolkit for complete meeting plans and activity instructions.","In this Journey, you will:","Learn more about how to earn your Take Action Award — and help your community — with the Girl Scout Take Action Guide. Then use your leadership skills to earn your Silver Award, the highest award for Girl Scout Cadettes! Journeys are retiring on October 1, 2026.","images/cadette/cadette--journey-media.png","https://www.girlscoutshop.com/CADETTE-MEdia-AWARD-PATCH-SET"
"cadette--journey-outdoor-cadette","e921a8de-fc7a-4cc5-bd54-fb5c1a646f72","Journey: Outdoor (Cadette)","Cadette","6-8","journey","","3","1. Deepen your outdoor skills when you earn your Night Owl, Trailblazing, and Primitive Camper badges. | 2. Plan a Take Action project that helps make your favorite park, beach, or forest a better place for everyone. | 3. Earn a Take Action Award. If you're a Girl Scout volunteer, go to Volunteer Toolkit for complete meeting plans and activity instructions.","In this Journey, you will:","Learn more about how to earn your Take Action Award — and help your community — with the Girl Scout Take Action Guide. Then use your leadership skills to earn your Silver Award, the highest award for Girl Scout Cadettes! Journeys are retiring on October 1, 2026.","images/cadette/cadette--journey-outdoor-cadette.png","https://www.girlscoutshop.com/badges-program/cadette/badges-journey-awards"
"cadette--journey-think-like-a-citizen-scientist","adf8627d-fe38-4dc8-bfdb-7c5f67131851","Journey: Think Like a Citizen Scientist","Cadette","6-8","journey","","3","1. Find out how citizen scientists make observations, collect data, and help scientists conduct scientific research. | 2. Do 3 citizen science activities: make observations about your environment, create a community field guide, and a SciStarter project. | 3. Plan a Take Action project that helps others.","In this Journey, you will:","If you're a Girl Scout volunteer, go to Volunteer Toolkit for complete meeting plans and activity instructions. Learn more about how to earn your Take Action Award — and help your community — with the Girl Scout Take Action Guide. Then use your leadership skills to earn your Silver and Gold Awards!","images/cadette/cadette--journey-think-like-a-citizen-scientist.png","https://www.girlscoutshop.com/cadette-think-like-a-citizen-scientist-award-badge"
"cadette--journey-think-like-a-programmer","db391521-e070-4920-be77-a08235f75838","Journey: Think Like a Programmer","Cadette","6-8","journey","","3","1. Find out how programmers use computational thinking to solve problems | 2. Do 3 computational thinking activities: categorize various objects as “Computer” or “Not a Computer” to explore the four tasks that define a computer, create a card-sorting algorithm to learn about processing, and design technology that willl best meet a user’s needs using user-centered design. | 3. Plan a Take Action project that helps others. If you're a Girl Scout volunteer, go to Volunteer Toolkit for complete meeting plans and activity instructions.","In this Journey, you will:","Learn more about how to earn your Take Action Award — and help your community — with the Girl Scout Take Action Guide . Then use your leadership skills to earn your Silver Award, the highest award for Girl Scout Cadettes! Journeys are retiring on October 1, 2026.","images/cadette/cadette--journey-think-like-a-programmer.png","https://www.girlscoutshop.com/Cadette-Think-Like-a-Programmer-Journey"
"cadette--journey-think-like-an-engineer","2083643f-dba0-466d-a568-1675d9adf224","Journey: Think Like an Engineer","Cadette","6-8","journey","","3","1. Find out how engineers use design thinking to solve problems. | 2. Do 3 design thinking activities: design and build prototypes of a life vest for a dog, a model camp cabin inspired by nature, and a prosthetic leg for an elephant. | 3. Plan a Take Action project that helps others.","In this Journey, you will:","Learn more about how to earn your Take Action Award — and help your community — with the Girl Scout Take Action Guide . Then use your leadership skills to earn your Silver Award, the highest award for Girl Scout Cadettes! Journeys are retiring on October 1, 2026.","images/cadette/cadette--journey-think-like-an-engineer.png","https://www.girlscoutshop.com/Cadette-Think-Like-an-Engineer-Journey"
"cadette--journey-amaze","9a299abe-0006-4f56-a0ac-2da448b6cb41","Journey: aMAZE!","Cadette","6-8","journey","","3","1. Find out how to develop true friendships, navigate cliques, and move beyond stereotypes, with the ultimate goal of peace in your interpersonal relationships. | 2. Plan a Take Action Project that shares your new friendship-building skills. | 3. Earn 3 leadership awards: Interact, Diplomat, and Peacemaker. If you're a Girl Scout volunteer, go to Volunteer Toolkit for complete meeting plans and activity instructions.","In this Journey, you will:","Learn more about how to earn your Take Action Award — and help your community — with the Girl Scout Take Action Guide. Then use your leadership skills to earn your Silver Award, the highest award for Girl Scout Cadettes! Journeys are retiring on October 1, 2026.","images/cadette/cadette--journey-amaze.png","https://www.girlscoutshop.com/CADETTE-JOURNEY-AWARD-PATCH-SET"
"cadette--my-cookie-venture","6e5abc2c-fe06-4d2c-a014-4e1ecfdcd457","My Cookie Venture","Cadette","6-8","badge","Outdoor Adventure","5","1. Get prepared for your cookie business | 2. Set goals and a budget | 3. Create a mission statement | 4. Plan to reach your customers | 5. Write a team business plan","Learn to expand your knowledge of your business resources and customers and create a business plan that will guide you to your most successful cookie season yet.","When you've earned this badge, you will know how to create a business plan for your cookie business.","images/cadette/cadette--my-cookie-venture.png","https://www.girlscoutshop.com/cadette-my-cookie-venture-badge"
"cadette--my-dream-budget","c30f816b-ec02-4618-9e5b-63e2908a98db","My Dream Budget","Cadette","6-8","badge","Balanced Living","5","1. Explore your earning power | 2. Analyze where you’ll live | 3. Imagine your day-to-day life | 4. Make a plan to give back | 5. Add up your future","Create a budget to support your 25-year-old self.","When I’ve earned this badge, you’ll be able to create a budget for your future life.","images/cadette/cadette--my-dream-budget.png","https://www.girlscoutshop.com/cadette-my-dream-budget-badge"
"cadette--my-money-habits","d48278f2-ea8d-49d7-95f1-4923812d2d94","My Money Habits","Cadette","6-8","badge","Balanced Living","5","1. Explore ways to exchange money | 2. Find out what influences spending | 3. Manage your spending habits | 4. Learn investing basics | 5. Investigate how to be a safe and savvy shopper","Develop positive habits that help you reach your goals and protect your finances.","When you’ve earned this badge, you’ll learn what it means to invest, manage your spending habits, and make smart money decisions.","images/cadette/cadette--my-money-habits.png","https://www.girlscoutshop.com/cadette-my-money-habits-badge"
"cadette--netiquette","bf8d3e0f-d869-4606-9f9d-6113272176e6","Netiquette","Cadette","6-8","badge","Balanced Living","5","1. Explore ""oops!"" and ""wow!"" moments | 2. Dig into stories of ""ouch"" -- and repair some hurt if necessary | 3. Look at e-mail, commenting, or blogging | 4. Decide what makes a great social media profile | 5. Spread better practices","Our digital world makes it easy to stay in touch and share friendships, memories, and ideas. But we've all heard embarrassing stories in which people wish they'd never hit the ""send"" button. Once you've put it out there, it never goes away. But you can use that to your benefit, too. This badge is all about knowing how to make positive choices in the online world.","When I've earned this badge, I'll know how to make -- and keep -- my online world a positive place. This badge comes in a packet that includes the Night Owl, Animal Helpers, Field Day, Entrepreneur, and Netiquette badges.","images/cadette/cadette--netiquette.png","http://www.girlscoutshop.com/CADETTE-NETIQUETTE-BADGE"
"cadette--new-cuisines","a8881f38-3e3a-4c78-8274-e3f3bd9a935b","New Cuisines","Cadette","6-8","badge","Balanced Living","5","1. Make a dish from another country | 2. Create a dish from another region of the United States | 3. Whip up a dish from another time period | 4. Cook a dish that makes a statement | 5. Share your dishes on a culinary ""tour""!","Cook up four dishes from across time and distance, and find out where your taste buds want to travel.","When you've earned this badge, you'll be able to make amazing dishes from all over the world and way back in time.","images/cadette/cadette--new-cuisines.png","http://www.girlscoutshop.com/CADETTE-NEW-CUISINES-BADGE"
"junior--night-owl","aef98fe4-c2f0-4070-b0e6-242f4ebaea03","Night Owl","Junior","4-5","badge","Outdoor Adventure","5","1. Take a field trip to explore the night | 2. Tour your world after dark | 3. Meet people who work night hours | 4. Explore nature at night | 5. Host an Extreme Nighttime Party","Grow your imagination and expand what you know about the night.","When you've earned this badge, you'll have uncovered the mysteries of the world after dark. This badge comes in a packet that includes the Night Owl, Animal Helpers, Field Day, Entrepreneur, and Netiquette badges.","images/junior/junior--night-owl.png","http://www.girlscoutshop.com/CADETTE-NIGHT-OWL-BADGE"
"cadette--outdoor-art-apprentice","6bf30c9e-5617-4063-88ca-5e7a68069d01","Outdoor Art Apprentice","Cadette","6-8","badge","Art and Imagination","5","1. Explore art outdoors | 2. Make something! | 3. Get to know—and create—sounds of nature | 4. Be a nature photographer | 5. Design with nature.","Find out how to observe and collect things outdoors that will drive your art and creativity.","When you’ve earned this badge, you'll have been inspired outdoors and created nature-themed art.","images/cadette/cadette--outdoor-art-apprentice.png","http://www.girlscoutshop.com/CADETTE-OUTDOOR-ART-APPRENTICE-BADGE"
"cadette--outside-the-mirror","2ec87668-08ea-45aa-8806-034bd13f9c6d","Outside the Mirror","Cadette","6-8","badge","Balanced Living","5","1. Look to the past to understand the present | 2. Embrace authenticity | 3. Question beauty standards | 4. Think about how images and looks can be altered | 5. Be on the lookout for hidden messages","Find out how to look beyond the mirror and define beauty for yourself.","When you've earned this badge, you'll know how to push back against hidden beauty standard messaging and appreciate your authentic self.","images/cadette/cadette--outside-the-mirror.png","https://www.girlscoutshop.com/cadette-outside-the-mirror-badge"
"junior--primitive-camper","12108363-d22b-451e-b7e7-d6e23fc00d30","Primitive Camper","Junior","4-5","badge","Outdoor Adventure","5","1. Plan a primitive camping trip | 2. Prepare your gear | 3. Make a camp meal | 4. Learn a new primitive camping skill | 5. Go camping","Learn to tackle outdoor activities without the comforts of home.","When you’ve earned this badge, you’ll have planned and gone on a primitive camping trip with a group of Girl Scouts or family members.","images/junior/junior--primitive-camper.png","http://www.girlscoutshop.com/Cadette-Primitive-Camper-Badge"
"cadette--public-speaker","6d245d47-68de-427e-a4ad-eb13709030b8","Public Speaker","Cadette","6-8","badge","Art and Imagination","5","1. Get a feel for performing solo | 2. Focus on body language | 3. Find your voice | 4. Choose or create a piece to perform | 5. Get onstage!","Work on your stage presence and develop your onstage skills.","When you've earned this badge, you'll have found your inner performer and be unafraid to speak up. This badge comes in a packet that includes the Digital Movie Maker, Eating for You, Public Speaker, Science of Happiness, and Screenwriter badges.","images/cadette/cadette--public-speaker.png","http://www.girlscoutshop.com/CADETTE-PUBLIC-SPEAKER-BADGE"
"cadette--robotics-1-programming-robots","ca800712-fd77-4664-b317-0b3b1c3d2941","Robotics 1: Programming Robots","Cadette","6-8","badge","Technology and Innovation","5","1. Learn about robots | 2. Build a robot part: simple sensors | 3. Make a box model robot with sensors | 4. Learn about programming | 5. Write a program for a robot","To help you understand how robots work, learn about the parts that make up a robot. Get started with electronics by making a simple sensor, something robots use to function without human operators. Then practice coding robots using important programming concepts like functions and loops.","When you’ve earned this badge, you'll understand how robots work and how to control them.","images/cadette/cadette--robotics-1-programming-robots.png","https://www.girlscoutshop.com/Cadette-Programming-Robots-Badge"
"cadette--robotics-2-designing-robots","030e7caa-2fa1-4fe9-a466-9ec601d0645a","Robotics 2: Designing Robots","Cadette","6-8","badge","Technology and Innovation","5","1. Pick a challenge | 2. Explore possible solutions | 3. Plan your prototype | 4. Build a prototype | 5. Get feedback on your robot","Build a prototype of a new kind of robot that could help someone to overcome a daily obstacle. Decide on a challenge, brainstorm solutions, plan, build a prototype, and test it to see how well it meets the challenge.","When you’ve earned this badge, you'll know how to design a robot and build a prototype.","images/cadette/cadette--robotics-2-designing-robots.png","https://www.girlscoutshop.com/Cadette-Designing-Robots-Badge"
"cadette--robotics-3-showcasing-robots","9136e1e3-3504-4d58-ad9e-f46c0eb8964b","Robotics 3: Showcasing Robots","Cadette","6-8","badge","Technology and Innovation","5","1. Learn about robotics events and organizations | 2. Create a presentation about your robot | 3. Present your robot pitch to others for feedback | 4. Find out about robotics opportunities for teens | 5. See robot makers and robots in action","After engineers build a working version of their robots, they release them to the public. They may enter them into challenges and competitions or market them through a website or crowd-funding campaign. Now that you’ve built your robot, share your design with others and explore a future in robotics.","When you’ve earned this badge, you'll know how to share your robot designs with the world.","images/cadette/cadette--robotics-3-showcasing-robots.png","http://girlscoutshop.com/Cadette-Showcasing-Robots-Badge"
"cadette--science-of-happiness","664467eb-67c0-4758-bf44-57f0eefddb38","Science of Happiness","Cadette","6-8","badge","Balanced Living","5","1. Make yourself happier | 2. Think differently for happiness | 3. Get happy through others | 4. Do a helpful happiness experiment | 5. Create a happiness action plan","Find out how scientists measure happiness and put their results into action.","When you've earned this badge, you'll know how to use the science of happiness to make your world the happiest place it can be. This badge comes in a packet that includes the Digital Movie Maker, Eating for You, Public Speaker, Science of Happiness, and Screenwriter badges","images/cadette/cadette--science-of-happiness.png","http://www.girlscoutshop.com/CADETTE-SCIENCE-OF-HAPPINESS-BADGE"
"cadette--screenwriter","113d3359-b853-415e-9f83-ef9253d3c408","Screenwriter","Cadette","6-8","badge","Art and Imagination","5","1. Decide what makes a good script good | 2. Come up with an idea for a story | 3. Get to know your characters | 4. Build the plot | 5. Write a 12-page script—and share it!","Try your hand at writing for the big (or small) screen.","When you've earned this badge, you'll know how to create a screenplay for a show or movie. This badge comes in a packet that includes the Digital Movie Maker, Eating for You, Public Speaker, Science of Happiness, and Screenwriter badges.","images/cadette/cadette--screenwriter.png","http://www.girlscoutshop.com/CADETTE-SCREENWRITER-BADGE"
"cadette--space-science-researcher","852e7826-e31e-47eb-8f7f-6d95c89d94f9","Space Science Researcher","Cadette","6-8","badge","Your World Near and Far","5","1. What more can you see? | 2. Explore “invisible” light | 3. See the stars in a new way | 4. Expand your vision | 5. Conserve the night sky","Observe and explore light, deepening your understanding of the Sun, stars, and other objects in space.","When you've earned this badge, you’ll understand more about the amazing properties of light and how you use it to make discoveries about the Universe and space science.","images/cadette/cadette--space-science-researcher.png","https://www.girlscoutshop.com/cadette-space-science-researcher-badge"
"cadette--special-agent","8a2c576f-f27c-46fc-85b1-122c390c7163","Special Agent","Cadette","6-8","badge","Sports and Recreation","5","1. Investigate investigation | 2. Reveal reality | 3. Try the science | 4. Key in to body language | 5. Practice the art of detection","Use your investigative mind to take on the many roles of a special agent: detective, scientist, psychologist, enforcer of the law.","When you've earned this badge, you'll know secrets from the worlds of forensic science and criminal psychology. This badge comes in a packet that includes the Book Artist, Woodworker, Special Agent, Trailblazing, and Babysitter badges.","images/cadette/cadette--special-agent.png","http://www.girlscoutshop.com/CADETTE-SPECIAL-AGENT-BADGE"
"junior--trailblazing","a0a53fed-d90f-4271-b868-91e66035f46b","Trailblazing","Junior","4-5","badge","Outdoor Adventure","5","1. Start planning your adventure | 2. Get your body and your teamwork skills ready | 3. Create your menu | 4. Gain some trailblazing know-how | 5. Head out on the trail","Gain new outdoor skills when you stay at least one night at a backwoods or primitive site.","When you've earned this badge, you'll know how to take a safe and fun overnight backpacking trip. This badge comes in a packet that includes the Book Artist, Woodworker, Special Agent, Trailblazing, and Babysitter badges.","images/junior/junior--trailblazing.png","http://www.girlscoutshop.com/CADETTE-TRAILBLAZING-BADGE"
"cadette--trees","95cfc52b-76cb-4fbf-8e6a-68af1aec312a","Trees","Cadette","6-8","badge","Animals and Nature","5","1. Try some tree fun | 2. Dig into the amazing science of trees | 3. Make a creative project starring trees | 4. Explore the connection between people and trees | 5. Help trees thrive","Find out all about trees: from the shade to the science, the fruit to the forest, and the legends to the lumber.","When you've earned this badge, you'll have gone to the root of what trees are all about—and branched out as a naturalist.","images/cadette/cadette--trees.png","http://www.girlscoutshop.com/CADETTE-TREES-BADGE"
"cadette--woodworker","5a57e7df-476a-4d25-8d78-b7ab85a0d1ab","Woodworker","Cadette","6-8","badge","Art and Imagination","5","1. Swing a hammer | 2. Keep it level | 3. Use a screwdriver | 4. Saw some wood | 5. Build something yourself","Find out how to use wood to make stylish, useful things for yourself and others.","When you've earned this badge, you'll know how to use some basic tools to make simple woodworking projects. This badge comes in a packet that includes the Book Artist, Woodworker, Special Agent, Trailblazing, and Babysitter badges.","images/cadette/cadette--woodworker.png","http://www.girlscoutshop.com/CADETTE-WOODWORKER-BADGE"
"senior--adventure-camper","258f1ebb-0116-418f-98fc-f09bc4d0cef9","Adventure Camper","Senior","9-10","badge","Outdoor Adventure","5","1. Plan your adventure camping trip | 2. Gather your camping gear | 3. Plan and prepare your trip meals | 4. Use a camping skill on your trip | 5. Go adventure camping","Find out how to add overnight camping to an outdoor adventure, such as kayaking, mountain biking, or rock climbing.","When you’ve earned this badge, you’ll have planned and gone on a camping trip that includes adventure activities with a group of Girl Scouts or family members.","images/senior/senior--adventure-camper.png","http://www.girlscoutshop.com/Senior-Adventure-Camper-Badge"
"senior--adventurer","e53f48a6-7d88-49cd-a3cb-52a5d549fcaa","Adventurer","Senior","9-10","badge","Outdoor Adventure","5","1. Enhance your adventure | 2. Get in the team spirit—and refine your teamwork | 3. Know your gear | 4. Plan your service to the great outdoors | 5. Capture the adventure","Go on a multiday high-adventure challenge: rock climbing, spelunking, ice caving, skiing, canoeing, kayaking, biking, rafting—or a combination!","When you've earned this badge, you'll know how to go on a multiday outdoor adventure trip with friends and Girl Scout sisters. This badge comes in a packet that includes the Textile Artist, Room Makeover, Truth Seeker, Adventurer, and Car Care badges.","images/senior/senior--adventurer.png","http://www.girlscoutshop.com/SENIOR-ADVENTURER-BADGE"
"senior--behind-the-ballot","6b8d8b70-fe1a-47b8-99a2-7dcc8c6a8884","Behind the Ballot","Senior","9-10","badge","Your World Near and Far","5","1. Find out more about elections | 2. Investigate the ins and outs of voting | 3. Get out the vote | 4. Plan a campaign | 5. Explore voting in other countries","Learn about the importance of voting and find out about the electoral process in the United States and around the world.","When you've earned this badge, you'll know the importance of voting and how people get elected to office.","images/senior/senior--behind-the-ballot.png","http://www.girlscoutshop.com/SENIOR-BEHIND-THE-BALLOT-BADGE"
"senior--business-etiquette","818c3da6-d896-4d20-abe7-91b84a343424","Business Etiquette","Senior","9-10","badge","Balanced Living","5","1. Communicate with style and confidence | 2. Ace an interview | 3. Try your hand at negotiating | 4. Explore how to act on the job | 5. Network with flair","Learn the basic business manners that will allow you to showcase just what you're capable of.","When you've earned this badge, you'll know the kind of savvy you'll need to be successful in the business world. This badge comes in a packet that includes the Traveler, Voice for Animals, Game Visionary, Social Innovator, and Business Etiquette badges.","images/senior/senior--business-etiquette.png","http://www.girlscoutshop.com/SENIOR-BUSINESS-ETIQUETTE-BADGE?utm_campaign=National_Site&utm_medium=National_Site_Image&utm_source=Badge_Explorer"
"senior--business-startup","330c22fa-abb1-4e57-ba21-bc57b28a940e","Business Startup","Senior","9-10","badge","Leadership and Your Future","5","1. Come up with an idea you can turn into a business | 2. Design a prototype and get feedback | 3. Revise your prototype | 4. Create your business plan | 5. Make your pitch","Find out more about the entrepreneurial mindset and what it takes to start your own business.","When you've earned this badge, you will have the skills to come up with a business idea, design a prototype, solicit feedback, improve your idea, then create a business plan and pitch it.","images/senior/senior--business-startup.png","https://www.girlscoutshop.com/senior-business-startup-badge"
"senior--car-care","d98814dd-fff5-42d7-8f60-49eed097fba1","Car Care","Senior","9-10","badge","Balanced Living","5","1. Get a handle on basic car maintenance | 2. Investigate vehicle safety | 3. Research safe driving practices | 4. Find out what to do in case of an emergency | 5. Drive for a greener world","Master maintenance tips that keep a car in top form and driving skills that will help you rule the road safely.","When you've earned this badge, you'll know tips for driving safely and how to take care of a car. This badge comes in a packet that includes the Textile Artist, Room Makeover, Truth Seeker, Adventurer, and Car Care badges.","images/senior/senior--car-care.png","http://www.girlscoutshop.com/SENIOR-CAR-CARE-BADGE"
"senior--coding-for-good-1-coding-basics","c014d98a-75e4-41aa-bebb-7a367cd69ad2","Coding for Good 1: Coding Basics","Senior","9-10","badge","Technology and Innovation","5","1. Use functions to create a self-portrait | 2. Write code to create a portrait | 3. Learn about computer logic | 4. Explore “IF��� statements | 5. Use computer logic to create a quiz show","Explore how computer programming can make a positive difference in the world and write code you can share with others.","When you've earned this badge, you'll know how to code images and how computers make decisions.","images/senior/senior--coding-for-good-1-coding-basics.png","https://www.girlscoutshop.com/senior-coding-basics-badge"
"senior--coding-for-good-2-digital-game-design","284bb5ab-bbe7-4b33-8076-77a5f714d391","Coding for Good 2: Digital Game Design","Senior","9-10","badge","Technology and Innovation","5","1. Brainstorm your ""game for good"" scenario | 2. Create a character for your game | 3. Develop a decision tree for your game | 4. Design your game | 5. Playtest and iterate your game","Explore narrative video game design and how video games can help people understand the world and its issues.","When you've earned this badge, you'll know how video games use a story to move the game along, how players make decisions, and how games can make a positive difference in the world.","images/senior/senior--coding-for-good-2-digital-game-design.png","https://www.girlscoutshop.com/senior-digital-game-design-badge"
"senior--coding-for-good-3-app-development","39ca41f5-27cf-46f2-9a71-4b7bc69d5968","Coding for Good 3: App Development","Senior","9-10","badge","Technology and Innovation","5","1. Learn to collect and visualize community data | 2. Write objects to organize and store data | 3. Design a community data collection plan | 4. Analyze your community data | 5. Develop a prototype for a social app","Collect and visualize data to develop a prototype for an app that supports your community.","When you've earned this badge, you'll understand JavaScript syntax, how to use arrays with community and social data, how to store data, and how to display it.","images/senior/senior--coding-for-good-3-app-development.png","https://www.girlscoutshop.com/senior-app-development-badge"
"senior--collage-artist","373bd699-64e2-49af-ae1d-b81f7bbd06df","Collage Artist","Senior","9-10","badge","Art and Imagination","5","1. Explore collage | 2. Focus on composition | 3. Create with color | 4. Use found objects | 5. Share a message","No matter what you do with your collage, there won’t be another just like it in the world. This badge is an opportunity make art as unique as you are.","When I’ve earned this badge, I’ll know how to create collages using different materials and color themes.","images/senior/senior--collage-artist.png","https://www.girlscoutshop.com/SENIOR-COLLAGE-ARTIST-BADGE"
"senior--cookie-boss","d9356f16-2886-48e0-b439-54b2440cfc5b","Cookie Boss","Senior","9-10","badge","Leadership and Your Future","5","1. Take the lead in your cookie business | 2. Set SMART goals | 3. Team up to make business decisions | 4. Make your cookie boss pitch | 5. Expand your customer base","Lead with confidence as you become the boss of your cookie business.","When you've earned this badge, you will have the skills to take the lead in your cookie business to reach your goals.","images/senior/senior--cookie-boss.png","https://www.girlscoutshop.com/senior-cookie-boss-badge"
"senior--cookie-entrepreneur-family-pin","c1d5fa97-8432-4c14-a2c8-ef8964adef1e","Cookie Entrepreneur Family Pin","Senior","9-10","pin","Awards","5","1. Take note and reflect | 2. Shout out your strategy | 3. Look to the future | 4. Segment your customers | 5. Show your appreciation","Take charge of your Girl Scout Cookie® business and let your family know how they can support you as you earn this award.","","images/senior/senior--cookie-entrepreneur-family-pin.png","https://www.girlscoutshop.com/custitem_grade_level/Senior"
"senior--cookie-entrepreneur-family-pin--2","82638426-f147-44ca-ab7f-acc7b6184e92","Cookie Entrepreneur Family Pin","Senior","9-10","pin","Awards","5","1. Take note and reflect | 2. Shout out your strategy | 3. Look to the future | 4. Segment your customers | 5. Show your appreciation","Take charge of your Girl Scout Cookie® business and let your family know how they can support you as you earn this award.","","images/senior/senior--cookie-entrepreneur-family-pin--2.png","https://www.girlscoutshop.com/custitem_grade_level/Senior"
"senior--cross-training","db198474-a569-4093-8457-968db00c0d59","Cross-Training","Senior","9-10","badge","Sports and Recreation","5","1. Set your cross-training goal | 2. Start a stretching and flexibility program | 3. Add a cardio element | 4. Add a toning or strengthening element | 5. Stay motivated to reach your goal","Get the skills you need to customize a cross-training fitness program that’s effective and fun.","When you've earned this badge, you'll have developed a great cross-training routine that keeps your workouts interesting and fun.","images/senior/senior--cross-training.png","http://www.girlscoutshop.com/SENIOR-CROSS-TRAINING-BADGE"
"senior--cybersecurity-1-basics","616c158b-bf6b-4249-ac61-9ef9352ebef9","Cybersecurity 1: Basics","Senior","9-10","badge","Technology and Innovation","5","1. Find out how computers run multiple programs | 2. Identify functions and privileges | 3. Learn how computers hide information | 4. Design a layered security system | 5. Design a Rube Goldberg machine","Explore how cybersecurity professionals keep computer networks safe.","When you've earned this badge, you'll know the major principles of cybersecurity and understand how they work in real-life and in the cyber world.","images/senior/senior--cybersecurity-1-basics.png","https://www.girlscoutshop.com/senior-cybersecurity-basics-badge"
"senior--cybersecurity-2-safeguards","b4e41241-9740-456e-8683-5c423c70b2fa","Cybersecurity 2: Safeguards","Senior","9-10","badge","Technology and Innovation","5","1. Protect your travel documents | 2. Protect your Wi-Fi | 3. Protect your conversations | 4. Protect your electronics | 5. Protect your environment","Find out how to keep your data and devices safe wherever you go.","When you've earned this badge, you'll know how to protect your travel documents, Wi-Fi, digital conversations, electronics, and environment.","images/senior/senior--cybersecurity-2-safeguards.png","https://www.girlscoutshop.com/senior-cybersecurity-safeguards-badge"
"senior--cybersecurity-3-investigator","ad175eea-bedb-45ca-938e-45db10b11dce","Cybersecurity 3: Investigator","Senior","9-10","badge","Technology and Innovation","5","1. Look for clues about a fictional hack | 2. Learn how traceroutes work | 3. Solve a cybercrime | 4. Role-play how to handle the crisis | 5. Play a life-sized version of Minesweeper","Investigate and respond to a fictional cyber crime.","When you've earned this badge, you'll know about insider threats and other security vulnerabilities for companies and organizations.","images/senior/senior--cybersecurity-3-investigator.png","https://www.girlscoutshop.com/senior-cybersecurity-investigator-badge"
"senior--democracy-for-seniors","65f20324-29d9-4de6-8f15-1cd76eae5075","Democracy for Seniors","Senior","9-10","badge","Your World Near and Far","5","1. Find out about local government | 2. Find out about state government | 3. Find out about the federal legislative branch | 4. Find out about the federal executive branch | 5. Find out about the federal judicial branch","Learn all about the three branches of government—and more.","When you've earned this badge, you will have expanded your knowledge about how your local, state, and national government works.","images/senior/senior--democracy-for-seniors.png","https://www.girlscoutshop.com/democracy-for-seniors-badge"
"senior--digital-leadership","f546859f-ad17-4f83-88d7-ee694f14f897","Digital Leadership","Senior","9-10","badge","Leadership and Your Future","5","1. Discover your digital landscape | 2. Examine digital advertising | 3. Advocate for yourself and others online | 4. Create content for change | 5. Expand your reach","Explore how to use technology safely and effectively, inspiring and motivating others to action.","When you've earned this badge, you will know how to use technology for positive change. You’ll also know how to make the internet a better place for yourself and others.","images/senior/senior--digital-leadership.png","https://www.girlscoutshop.com/senior-digital-leadership-badge"
"senior--eco-explorer","50338355-bef0-4f9d-b5c8-c2134611d0e2","Eco Explorer","Senior","9-10","badge","Outdoor Adventure","5","1. Meet an eco explorer | 2. Explore biodiversity | 3. Investigate a global ecosystem issue | 4. Plan a trip to explore and work on an issue | 5. Share what you learned","Become an eco explorer as you get hands-on experience with environmental issues and help make positive changes to the environment.","When you’ve earned this badge, you’ll have researched different environmental issues and taken at least one trip to see how an area is impacted.","images/senior/senior--eco-explorer.png","http://girlscoutshop.com/Senior-Eco-Explorer-Badge"
"senior--game-visionary","dfb401b8-2113-4e23-89ce-a5226f866175","Game Visionary","Senior","9-10","badge","Sports and Recreation","5","1. Break the ice | 2. Imagine all the world's a board | 3. Create a physical challenge | 4. Get puzzled | 5. Make an ultra scavenger hunt","Use your creativity and imagination to invent unforgettable games.","When you've earned this badge, you'll be able to design and organize games that will bring people together for creative and thoughtful fun. This badge comes in a packet that includes the Traveler, Voice for Animals, Game Visionary, Social Innovator, and Business Etiquette badges.","images/senior/senior--game-visionary.png","http://www.girlscoutshop.com/SENIOR-GAME-VISIONARY-BADGE"
"senior--journey-girltopia","5da5c851-4742-4ad4-8cee-59d543c9b82a","Journey: GIRLtopia","Senior","9-10","journey","","3","1. Develop your vision for an ideal world and acquire the skills to make it a reality—paint a mural, write a poem or story, film a video, or perform a show about ways society can improve. | 2. Plan a Take Action project that addresses an issue in your community. | 3. Earn the Senior Visionary Award. If you're a Girl Scout volunteer, go to Volunteer Toolkit for complete meeting plans and activity instructions.","In this Journey, you will:","Learn more about how to earn your Take Action Award — and help your community — with the Girl Scout Take Action Guide. Then use your leadership skills to earn your Gold Award, the highest award for Girl Scout Seniors and Ambassadors! Journeys are retiring on October 1, 2026.","images/senior/senior--journey-girltopia.png","https://www.girlscoutshop.com/badges-program/senior"
"senior--journey-mission-sisterhood","9c9b1d48-45e0-42c8-beed-129bb758358a","Journey: Mission: Sisterhood!","Senior","9-10","journey","","3","1. Discover the powerful benefits of sisterhood and ways to nurture healthy friendships—invite a women’s shelter counselor to talk about her work, role-play friendship scenarios to explore trust in relationships, or create a collage about what sisterhood means to you. | 2. Plan a Take Action Project with a focus on a sisterhood issue you care about—organize a school film club that focuses on positive movies about women, help younger girls expand their friendship circles, or host a girls' mixer. | 3. Earn the Sisterhood Award. If you're a Girl Scout volunteer, go to Volunteer Toolkit for complete meeting plans and activity instructions.","In this Journey, you will:","Learn more about how to earn your Take Action Award — and help your community — with the Girl Scout Take Action Guide. Then use your leadership skills to earn your Gold Award, the highest award for Girl Scout Seniors and Ambassadors! Journeys are retiring on October 1, 2026.","images/senior/senior--journey-mission-sisterhood.png","https://www.girlscoutshop.com/badges-program/senior"
"senior--journey-outdoor-senior","17a6bcad-72fe-46d7-9113-487335fe6900","Journey: Outdoor (Senior)","Senior","9-10","journey","","3","1. Deepen your outdoor skills when you earn your Adventurer, Senior First Aid, and Adventure Camper badges. | 2. Plan a Take Action project that helps make your favorite park, beach, or forest a better place for everyone. | 3. Earn a Take Action Award. If you're a Girl Scout volunteer, go to Volunteer Toolkit for complete meeting plans and activity instructions.","In this Journey, you will:","Learn more about how to earn your Take Action Award — and help your community — with the Girl Scout Take Action Guide. Then use your leadership skills to earn your Gold Award, the highest award for Girl Scout Seniors and Ambassadors! Journeys are retiring on October 1, 2026.","images/senior/senior--journey-outdoor-senior.png","https://www.girlscoutshop.com/badges-program/senior?custitem_journey_type=Outdoor"
"senior--journey-sow-what","e6c0de65-f3f0-48bb-a4a8-165226d0fa9a","Journey: Sow What?","Senior","9-10","journey","","3","1. Learn about food: how and where it’s grown, harvested, processed, distributed, and consumed, and why it matters. | 2. Plan a Take Action Project to share your knowledge with others—host a farmers market, inspire others to eat locally, or plan a community vegetable garden. | 3. Earn the Harvest Award. If you're a Girl Scout volunteer, go to Volunteer Toolkit for complete meeting plans and activity instructions.","In this Journey, you will:","Learn more about how to earn your Take Action Award — and help your community — with the Girl Scout Take Action Guide. Then use your leadership skills to earn your Gold Award, the highest award for Girl Scout Seniors and Ambassadors! Journeys are retiring on October 1, 2026.","images/senior/senior--journey-sow-what.png","https://www.girlscoutshop.com/badges-program/senior"
"senior--journey-think-like-a-citizen-scientist","8a885911-7566-4d5a-bd36-de41a2074f88","Journey: Think Like a Citizen Scientist","Senior","9-10","journey","","3","1. Find out how citizen scientists make observations, collect data, and help scientists conduct scientific research. | 2. Do 3 citizen science activities: make observations about your environment, design a way to test a hypothesis, and a SciStarter project. | 3. Plan a Take Action project that helps others.","In this Journey, you will:","If you're a Girl Scout volunteer, go to Volunteer Toolkit for complete meeting plans and activity instructions. Learn more about how to earn your Take Action Award — and help your community — with the Girl Scout Take Action Guide. Then use your leadership skills to earn your Gold Award!","images/senior/senior--journey-think-like-a-citizen-scientist.png","https://www.girlscoutshop.com/senior-think-like-a-citizen-scientist-award-badge"
"senior--journey-think-like-a-programmer","2f762cc9-b47a-4de7-a165-755e9e8ebdd4","Journey: Think Like a Programmer","Senior","9-10","journey","","3","1. Find out how programmers use computational thinking to solve problems. | 2. Do 3 computational thinking activities: create rules for how to stack cards to share messages and learn about encoding information, develop an algorithm for building a simple block arrangement, and test whether an app will meet a user’s needs to explore user-centered design. | 3. Plan a Take Action project that helps others. If you're a Girl Scout volunteer, go to Volunteer Toolkit for complete meeting plans and activity instructions.","In this Journey, you will:","Learn more about how to earn your Take Action Award — and help your community — with the Girl Scout Take Action Guide . Then use your leadership skills to earn your Gold Award, the highest award for Girl Scout Seniors and Ambassadors! Journeys are retiring on October 1, 2026.","images/senior/senior--journey-think-like-a-programmer.png","https://www.girlscoutshop.com/badges-program/senior?custitem_journey_type=Computer-Science"
"senior--journey-think-like-an-engineer","a14f7ba1-93e9-4f7c-a1fb-1eea38626745","Journey: Think Like an Engineer","Senior","9-10","journey","","3","1. Find out how engineers use design thinking to solve problems. | 2. Do 3 design thinking activities: design and build prototypes of a can holder that isn't harmful to animals, a kinetic sculpture, and an assistive device for the elderly. | 3. Plan a Take Action project that helps others. If you're a Girl Scout volunteer, go to Volunteer Toolkit for complete meeting plans and activity instructions.","In this Journey, you will:","Learn more about how to earn your Take Action Award — and help your community — with the Girl Scout Take Action Guide . Then use your leadership skills to earn your Gold Award, the highest award for Girl Scout Seniors and Ambassadors! Journeys are retiring on October 1, 2026.","images/senior/senior--journey-think-like-an-engineer.png","https://www.girlscoutshop.com/badges-program/senior?custitem_journey_type=Engineering"
"senior--locavore","d8ade02c-f5b1-4423-929f-bf4a0681316c","Locavore","Senior","9-10","badge","Balanced Living","5","1. Explore the benefits and challenges of going local | 2. Find your local food sources | 3. Cook a simple dish showcasing local ingredients | 4. Make a recipe with local ingredients | 5. Try a local cooking challenge","Find out how the efforts of locavores—people who are committed to eating locally grown, seasonal foods—can be an important and delicious part of healthful eating.","When you've earned this badge, you'll know how to prepare a meal of seasonal and locally grown dishes.","images/senior/senior--locavore.png","http://www.girlscoutshop.com/SENIOR-LOCAVORE-BADGE"
"senior--mind-body-me","c5e329a3-a260-478f-9f60-f416c79e5c63","Mind, Body, Me","Senior","9-10","badge","Balanced Living","5","1. Explore the body-mind connection | 2. Make time for you | 3. Move it outdoors | 4. Be mindful | 5. Focus on your mental health","Explore how your mind and body work together to support your well-being.","When you've earned this badge, you'll understand how your body and mind work together to support your well-being.","images/senior/senior--mind-body-me.png","https://www.girlscoutshop.com/senior-mind-body-me-badge"
"senior--my-cookie-network","2a66113a-2904-406c-b410-20a37a2dd11b","My Cookie Network","Senior","9-10","badge","Leadership and Your Future","5","1. Review your cookie business | 2. Set a goal for all parts of your business | 3. Share what you stand for | 4. Build your customer base | 5. Tailor your marketing messages","Find out how to use your network to strengthen your customer base and take your business to the next level.","When you've earned this badge, you will know how to leverage your network to run and grow your cookie business.","images/senior/senior--my-cookie-network.png","https://www.girlscoutshop.com/senior-my-cookie-network-badge"
"senior--my-financial-power","aaaaa594-a5ff-4f8c-89c3-d540758951b4","My Financial Power","Senior","9-10","badge","Balanced Living","5","1. Find out about income power | 2. Focus on making informed money decisions | 3. Find out about inflation | 4. Explore investing | 5. See how giving back impacts a community","Get familiar with different ways to earn and share money, what it means to invest, and how inflation works.","When you’ve earned this badge, you’ll have strategies for your financial stability.","images/senior/senior--my-financial-power.png","https://www.girlscoutshop.com/senior-my-financial-power-badge"
"senior--novelist","ec59dcde-bd10-4d04-968c-b0141ab6642e","Novelist","Senior","9-10","badge","Art and Imagination","5","1. Deconstruct a novel | 2. Create great characters | 3. Develop a plot | 4. Write at least 20 pages | 5. Edit your pages","Experience the fun of a novelist's career and learn the steps involved in writing a novel. Then, write your own work of fiction.","When you've earned this badge, you'll know what it takes to write a great novel and you'll have written at least 20 pages of your own. This badge comes in a packet that includes the Website Designer, Women's Health, Troupe Performer, Science of Style, and Novelist badges.","images/senior/senior--novelist.png","http://www.girlscoutshop.com/SENIOR-NOVELIST-BADGE"
"senior--outdoor-art-expert","475fb52f-5de9-4574-8e62-2e587fef1d4f","Outdoor Art Expert","Senior","9-10","badge","Art and Imagination","5","1. Explore art outdoors | 2. Make something! | 3. Create or share music inspired by nature | 4. Capture nature digitally | 5. Design outdoors","Learn to see nature with an artist’s eye and create something helpful to the environment.","When you’ve earned this badge, you'll have learned how to create art outdoors with a focus on the environment.","images/senior/senior--outdoor-art-expert.png","http://www.girlscoutshop.com/SENIOR-OUTDOOR-ART-EXPORT-BADGE"
"senior--paddling","23a1ba85-0282-4634-a9c1-a7c25584b419","Paddling","Senior","9-10","badge","Sports and Recreation","5","1. Explore the three paddling sports | 2. Learn paddling safety | 3. Practice paddling techniques | 4. Go on a short paddling adventure | 5. Take your paddling skills to the next level","Choose one of three paddling activities—canoeing, kayaking, or standup paddleboarding (SUP)—and learn the knowledge and skills you need to have an unforgettable experience.","When you’ve earned this badge, you’ll have paddling skills and know how to be safe—and have fun—on the water.","images/senior/senior--paddling.png","http://www.girlscoutshop.com/SENIOR-PADDLING-BADGE"
"senior--robotics-1-designing-robots","37044bd1-6917-4d7f-bfa8-a2075c27c1f5","Robotics 1: Designing Robots","Senior","9-10","badge","Technology and Innovation","5","1. Pick a challenge | 2. Explore possible solutions | 3. Plan your prototype | 4. Build a prototype | 5. Get feedback on your robot","Build a prototype of a new kind of robot that helps or replaces people who work in difficult or dangerous situations. Decide on a challenge, brainstorm solutions, plan, build a prototype, and test it to see how well it meets the challenge.","When you’ve earned this badge, you'll know how to design a robot and build a prototype.","images/senior/senior--robotics-1-designing-robots.png","http://girlscoutshop.com/Senior-Designing-Robots-Badge"
"senior--robotics-2-programming-robots","cb4c6f3a-a6df-4cfd-a11f-ac7d123869db","Robotics 2: Programming Robots","Senior","9-10","badge","Technology and Innovation","5","1. Learn about robots | 2. Build a robot part: robot arm | 3. Learn how robot systems work together | 4. Learn about programming | 5. Write a program for a robot","To understand more about how robots work, explore the parts and systems that make up a robot, and then learn about different ways to control a robot, including computer programming.","When you’ve earned this badge, you'll understand how robots work and how to control them.","images/senior/senior--robotics-2-programming-robots.png","http://girlscoutshop.com/Senior-Programming-Robots-Badge"
"senior--robotics-3-showcasing-robots","771d7149-567e-4f35-87e7-f516ac60a75a","Robotics 3: Showcasing Robots","Senior","9-10","badge","Technology and Innovation","5","1. Create a presentation about your robot | 2. Present your robot pitch to others for feedback | 3. Hold a mini robotics competition | 4. Explore robotics opportunities in high school, college, and beyond | 5. See robot makers and robots in action","After engineers build their robots, they show them to others and enter them into challenges and competitions. Now that you’ve built your robot prototype, it’s time to share your design with others.","When you’ve earned this badge, you'll know how to share your robot designs with the world.","images/senior/senior--robotics-3-showcasing-robots.png","https://www.girlscoutshop.com/Senior-Showcasing-Robots-Badge"
"senior--room-makeover","5ac3448c-263c-4f2c-bc6d-f21cc697ea35","Room Makeover","Senior","9-10","badge","Art and Imagination","5","1. Gather ideas and inspiration | 2. Paint something | 3. Sew or glue something | 4. Redo something | 5. Build something","Find out how to use design concepts and fix-it tactics to turn a simple space into a creative statement.","When you've earned this badge, you'll know how to do a fast, fun, and thrifty room makeover. This badge comes in a packet that includes the Textile Artist, Room Makeover, Truth Seeker, Adventurer, and Car Care badges.","images/senior/senior--room-makeover.png","http://www.girlscoutshop.com/SENIOR-ROOM-MAKEOVER-BADGE"
"senior--savvy-saver","7b571092-4cd3-4928-aee6-7be069c9255b","Savvy Saver","Senior","9-10","badge","Balanced Living","5","1. Learn the ins and outs of income | 2. Make a list of budgeting tips | 3. Find out how to plan for a big expense | 4. Compare ways to borrow money | 5. Create a budget for a big expense","Find out how to be savvy with money by planning for your expenses, reducing financial risk, and being disciplined about saving. Then use what you discover to help plan for a big expense you might have in your future.","When you’ve earned this badge, you’ll have the financial skills and know-how to prepare to make a big purchase.","images/senior/senior--savvy-saver.png","https://www.girlscoutshop.com/senior-savvy-saver-badge"
"senior--science-of-style","09d44d3e-7507-4ec6-ab3d-807d16c05c3f","Science of Style","Senior","9-10","badge","Balanced Living","5","1. Test skin care and makeup | 2. Examine the science behind fabrics and accessories | 3. Explore the science behind hair products and perfume | 4. Investigate the sociology of style | 5. Formulate future style","Use the science of style to create and imagine your own products.","When you've earned this badge, you'll know the science behind makeup, perfume, fashion fabrics, and skin care products.","images/senior/senior--science-of-style.png","https://www.girlscoutshop.com/SENIOR-SCIENCE-OF-STYLE-BADGE"
"senior--senior-first-aid","211a9768-4f1f-4c03-a6dd-28917a5b45f3","Senior First Aid","Senior","9-10","badge","Balanced Living","5","1. Learn how to help a person with a head, neck, or spinal injury | 2. Learn how to use everyday objects to make splints | 3. Learn the signs of drug overdose and alcohol poisoning | 4. Learn how to identify and care for life-threatening bleeding | 5. Share your knowledge with others","Find out how to differentiate between minor and major injuries, provide emergency treatment in some life-threatening situations, and share important information about injuries or illnesses.","When you've earned this badge, you'll know how to give first aid for some serious and even life-threatening illnesses and injuries.","images/senior/senior--senior-first-aid.png","https://www.girlscoutshop.com/SENIOR-FIRST-AID-BADGE"
"senior--senior-girl-scout-way","ff2cfd4a-db87-48bf-9f30-4dfc351e539d","Senior Girl Scout Way","Senior","9-10","badge","Your World Near and Far","5","1. Explore Girl Scout music | 2. Help younger Girl Scouts celebrate a special day | 3. Spread sisterhood through the Girl Scout Law | 4. Leave your environment better than you found it | 5. Enjoy Girl Scout traditions!","Share the Girl Scout way and bring together generations of Girl Scouts.","When you've earned this badge, you'll know how to use the Girl Scout ways and traditions to make the world a better place.","images/senior/senior--senior-girl-scout-way.png","http://www.girlscoutshop.com/SENIOR-GIRL-SCOUT-WAY-BADGE"
"senior--senior-stem-career-exploration","58c6faaa-fefe-4b21-910e-005efa6f89b6","Senior STEM Career Exploration","Senior","9-10","badge","Leadership and Your Future","5","1. Explore how you want to make a difference | 2. Discover your career possibilities | 3. Learn about the day-to-day | 4. Find your career pathway | 5. Take the next step","Explore how you might want to impact the world and how STEM can help you do it. Then, take the next step towards your goal for the future and start to make your mark.","When you've earned this badge, you'll know how STEM can support your goals for the future and help build a better world.","images/senior/senior--senior-stem-career-exploration.png","https://www.girlscoutshop.com/senior-stem-career-exploration-badge"
"senior--senior-snow-or-climbing-adventure","6df6c7f1-4675-4c02-8f06-9fe5e00fad5a","Senior Snow or Climbing Adventure","Senior","9-10","badge","Sports and Recreation","5","1. Choose your outdoor adventure | 2. Plan and prepare | 3. Gather your gear | 4. Set a goal and train for your adventure | 5. Go on your outdoor adventure","Choose your adventure: Camp in the snow, or advance your rock-climbing skills on an outdoor climbing trip.","When you've earned this badge, you'll have planned and learned the skills to take an overnight snow camping trip or a two-day outdoor climbing trip.","images/senior/senior--senior-snow-or-climbing-adventure.png","https://www.girlscoutshop.com/senior-snow-or-climbing-adventure-badge"
"senior--senior-trail-adventure","91307713-b554-4887-88c1-40c1cbecce4b","Senior Trail Adventure","Senior","9-10","badge","Outdoor Adventure","5","1. Choose your outdoor adventure | 2. Plan and prepare | 3. Gather your gear | 4. Set a goal and train for your adventure | 5. Go on your outdoor adventure","Choose your adventure: Compete in a trail race, or take a backpacking trip.","When you've earned this badge, you'll have planned and learned the skills to compete in a trail race or to take a 3-day, 2-night backpacking trip.","images/senior/senior--senior-trail-adventure.png","https://www.girlscoutshop.com/senior-trail-adventure-badge"
"senior--sky","cf139f21-7fc3-4a58-939f-c6fb1b060e54","Sky","Senior","9-10","badge","Animals and Nature","5","1. Watch the skies | 2. Investigate the science of the skies | 3. Explore the connection between people and flight | 4. Help clear sky pollution | 5. Create sky art","The sky is a masterpiece. Every day it graces us with living art, whether through a glorious sunset, shifting cloud formations, or the stunning display of night stars. No wonder we take every opportunity to spend time outdoors. Our world is a stage, and the sky performs with beauty, wonder, and mystery.","When I've earned this badge, I'll understand the sky -- from science to stars to stories.","images/senior/senior--sky.png","http://www.girlscoutshop.com/SENIOR-SKY-BADGE"
"senior--space-science-expert","8db125f8-013c-49e9-b0a1-198d76eb7e87","Space Science Expert","Senior","9-10","badge","Your World Near and Far","5","1. Uncover the stuff you’re made of | 2. Explore the brilliance of the stars | 3. Discover telescopes as light collectors | 4. Find the light in the darkness | 5. Share your knowledge","Explore light and discover what it teaches us about the Universe!","When you've earned this badge, you’ll understand more about the Universe—your place in it and how light is used to make discoveries about it.","images/senior/senior--space-science-expert.png","https://www.girlscoutshop.com/senior-space-science-expert-badge"
"senior--textile-artist","dad8316e-056a-493d-8717-73098ff8541f","Textile Artist","Senior","9-10","badge","Art and Imagination","5","1. Choose your textile art | 2. Find your tools and materials | 3. Learn the basics | 4. Make something for everyday use | 5. Create a gift or item for a special occasion","When you see all the colors and textures of fabrics and yarns, do you dream up a million things to do with them? Get ready to turn those visions into reality as you meet with artists, learn about the world of textile arts, and make two projects in the craft that most inspires you to pick up your needles (or loom or spinning wheel).","When I've earned this badge, I'll have learned the basics of a textile art -- and I'll have two fantastic projects to show for it. This badge comes in a packet that includes the Textile Artist, Room Makeover, Truth Seeker, Adventurer, and Car Care badges.","images/senior/senior--textile-artist.png","http://www.girlscoutshop.com/SENIOR-TEXTILE-ARTIST-BADGE"
"senior--traveler","2ca28a02-4653-4a8b-8670-60e1bb56db89","Traveler","Senior","9-10","badge","Outdoor Adventure","5","1. Research destinations | 2. Look into fun itineraries | 3. Find out how to create a budget, including ways to travel inexpensively | 4. Gain travel expertise before you go | 5. Take your trip—and make a memory","Get the travel savvy you need to make the most of your adventures, now and throughout your life.","When you've earned this badge, you'll know how to plan a great trip of at least one night—whether it's around the corner or across the globe. This badge comes in a packet that includes the Traveler, Voice for Animals, Game Visionary, Social Innovator, and Business Etiquette badges.","images/senior/senior--traveler.png","http://www.girlscoutshop.com/SENIOR-TRAVELER-BADGE"
"senior--troupe-performer","05c46ae9-d82b-487c-b0e6-5f197d030e65","Troupe Performer","Senior","9-10","badge","Art and Imagination","5","1. Pick your performance style | 2. Find and develop material | 3. Rehearse! | 4. Launch your performance | 5. Put on your show","Find out what goes into putting on a show.","When you've earned this badge, you'll know how to organize a team of people and put together a performance.","images/senior/senior--troupe-performer.png","https://www.girlscoutshop.com/SENIOR-TROUPE-PERFORMER-BADGE"
"senior--truth-seeker","2de2c96a-2b2c-48dc-9036-51e7c93620f9","Truth Seeker","Senior","9-10","badge","Sports and Recreation","5","1. Evaluate your sources | 2. Investigate what the experts say | 3. Be a wise consumer | 4. Find truth in your everyday life | 5. Become a citizen journalist","Gain the skills you need to separate fact from fiction and judge sources on credibility, accuracy, reasonableness, and support for their claims.","When you've earned this badge, you'll be able to figure out what is true in the media, online, and what you hear in your daily life. This badge comes in a packet that includes the Textile Artist, Room Makeover, Truth Seeker, Adventurer, and Car Care badges.","images/senior/senior--truth-seeker.png","http://www.girlscoutshop.com/SENIOR-TRUTH-SEEKER-BADGE"
"senior--voice-for-animals","de966e58-bf03-4f52-81e0-7f8b36501dbe","Voice for Animals","Senior","9-10","badge","Animals and Nature","5","1. Find out about domestic animals | 2. Investigate animals used for science | 3. Explore animals in husbandry | 4. Take a look at animals used for sports and entertainment | 5. Look into an animal issue","Find out about the complex relationship between animals and humans so you can make informed choices and help others make them too.","When you've earned this badge, you'll better understand animal issues worldwide and know what you can do to help. This badge comes in a packet that includes the Traveler, Voice for Animals, Game Visionary, Social Innovator, and Business Etiquette badges.","images/senior/senior--voice-for-animals.png","http://www.girlscoutshop.com/SENIOR-VOICE-FOR-ANIMALS-BADGE"
"senior--website-designer","46f0c6f1-549c-4164-826d-b5e2bd8ef81a","Website Designer","Senior","9-10","badge","Technology and Innovation","5","1. Find a worthwhile subject for your website or blog | 2. Be the host with the most | 3. Build a blueprint | 4. Create must-see content | 5. Go live—then drive!","Build yourself a safe space online where you can show your readers what moves you.","When you've earned this badge, you'll know how to design, build, and promote your own website. This badge comes in a packet that includes the Website Designer, Women's Health, Troupe Performer, Science of Style, and Novelist badges.","images/senior/senior--website-designer.png","http://www.girlscoutshop.com/SENIOR-WEBSITE-DESIGNER-BADGE"
"ambassador--ambassador-first-aid","728f9ad2-c393-43c7-8adc-1f227fb4f3cc","Ambassador First Aid","Ambassador","11-12","badge","Balanced Living","5","1. Build your knowledge before heading into the wilderness | 2. Learn about careers that save lives in extreme conditions | 3. Provide first aid in remote locations | 4. Know how to get help in remote locations | 5. Explore real-life examples for handling wilderness emergencies","Learn about how to prevent and respond to first aid emergencies in the wilderness and how to summon help.","When you've earned this badge, you'll know more about how to provide first aid and summon help in extreme conditions.","images/ambassador/ambassador--ambassador-first-aid.png","https://www.girlscoutshop.com/AMBASSADOR-FIRST-AID-BADGE"
"ambassador--ambassador-girl-scout-way","98dd7791-20e3-40ed-b181-8f06efd57562","Ambassador Girl Scout Way","Ambassador","11-12","badge","Your World Near and Far","5","1. Use song to bring people together or to spread a message | 2. Celebrate World Thinking Day | 3. Share sisterhood around the world | 4. Leave your world better than you found it | 5. Enjoy Girl Scout traditions!","Find out how you can share the Girl Scout legacy.","When you've earned this badge, you'll know how to use the Girl Scout ways and traditions to make the world a better place.","images/ambassador/ambassador--ambassador-girl-scout-way.png","http://www.girlscoutshop.com/AMBASSADOR-GIRL-SCOUT-WAY-BADGE"
"ambassador--ambassador-stem-career-exploration","bb87f5f5-fa51-402c-b797-f3a90c9ee7f3","Ambassador STEM Career Exploration","Ambassador","11-12","badge","Leadership and Your Future","5","1. Explore how you want to make a difference | 2. Discover your career possibilities | 3. Learn about the day-to-day | 4. Find your career pathway | 5. Take the next step","Find out how a career with STEM will help you shape the world for the better.","When you've earned this badge, you'll have explored how you want to change the world and understand how a career in STEM can help you make a difference.","images/ambassador/ambassador--ambassador-stem-career-exploration.png","https://www.girlscoutshop.com/ambassador-stem-career-exploration-badge"
"ambassador--ambassador-snow-or-climbing-adventure","b7cd99ed-50cc-46a9-b6e8-d5abcafde2ad","Ambassador Snow or Climbing Adventure","Ambassador","11-12","badge","Sports and Recreation","5","1. Choose your outdoor adventure | 2. Plan and prepare | 3. Gather your gear | 4. Set a goal and train for your adventure | 5. Go on your outdoor adventure","Choose your adventure: Go on a 3-day winter backpacking trip or a 3-day outdoor climbing trip.","When you've earned this badge, you'll have planned, prepared, and completed a 3-day winter backpacking trip or a 3-day outdoor climbing trip.","images/ambassador/ambassador--ambassador-snow-or-climbing-adventure.png","https://www.girlscoutshop.com/ambassador-snow-or-climbing-adventure-badge"
"ambassador--ambassador-trail-adventure","98a126fd-c914-4cc2-ab59-77e23e4e4e86","Ambassador Trail Adventure","Ambassador","11-12","badge","Outdoor Adventure","5","1. Choose your outdoor adventure | 2. Plan and prepare | 3. Gather your gear | 4. Set a goal and train for your adventure | 5. Go on your outdoor adventure","Choose your adventure: Coach another girl in trail running, or take a multiday backpacking trip.","When you've earned this badge, you'll have planned and learned the skills to help coach another girl in trail running or planned, prepared, and completed a 5-day, 4-night backpacking trip.","images/ambassador/ambassador--ambassador-trail-adventure.png","https://www.girlscoutshop.com/ambassador-trail-adventure-badge"
"ambassador--cheers-for-every-body","909561bb-ce45-40b8-9403-cde0d3d9f59e","Cheers for Every Body","Ambassador","11-12","badge","Balanced Living","5","1. Express yourself through dress | 2. Project your confidence through body language | 3. Set and maintain your body boundaries | 4. Surround yourself with positivity | 5. Celebrate yourself!","Celebrate who you are through self-expression and confidence.","When you've earned this badge, you'll understand how body appreciation boosts your self-confidence and sets you up for a great future.","images/ambassador/ambassador--cheers-for-every-body.png","https://www.girlscoutshop.com/ambassador-cheers-to-every-body-badge"
"ambassador--coaching","27f8bddb-fc62-423d-8ada-d48c1523ab1c","Coaching","Ambassador","11-12","badge","Sports and Recreation","5","1. Begin to outline your coaching strategy | 2. Conduct a first assessment | 3. Design your coaching plan | 4. Put your plan into action—and revise it, if necessary | 5. Attend the big event, and make a final assessment","Understand the important role coaches have in athletics and share your love of a sport.","When you've earned this badge, you'll know what it takes for a coach to be successful.","images/ambassador/ambassador--coaching.png","http://www.girlscoutshop.com/AMBASSADOR-COACHING-BADGE"
"ambassador--coding-for-good-1-coding-basics","ff6dfa3e-15bf-4711-8a56-86eaed9d160e","Coding for Good 1: Coding Basics","Ambassador","11-12","badge","Technology and Innovation","5","1. Learn about functions through song lyrics | 2. Learn about loops through song patterns | 3. Write an algorithm duet | 4. Code a performance routine | 5. Share your coded routine with others","Explore the power of music and coding to spread a positive message and write code to share your own peformance routine with others.","When you've earned this badge, you'll know how to write shareable code to spread a message or build community.","images/ambassador/ambassador--coding-for-good-1-coding-basics.png","https://www.girlscoutshop.com/ambassador-coding-basics-badge"
"ambassador--coding-for-good-2-digital-game-design","4957f087-9b79-4964-94f1-2ab4dd007626","Coding for Good 2: Digital Game Design","Ambassador","11-12","badge","Technology and Innovation","5","1. Brainstorm ""game for good"" scenarios | 2. Create a G.I.R.L. avatar for your game | 3. Learn about decision trees in game design | 4. Design your game | 5. Playtest and iterate your game","Find out about narrative video game design and explore how games can make a positive change in the world.","When you've earned this badge, you'll know how video games use conditionals to give players choices and how video games can help players understand the world.","images/ambassador/ambassador--coding-for-good-2-digital-game-design.png","https://www.girlscoutshop.com/ambassador-digital-game-design-badge"
"ambassador--coding-for-good-3-app-development","78107d66-f91c-4c1f-8955-a8b6b2400682","Coding for Good 3: App Development","Ambassador","11-12","badge","Technology and Innovation","5","1. Learn to code data objects | 2. Create a data visualization | 3. Design a data collection plan | 4. Analyze your leadership data | 5. Develop an app based on your data","Collect and visualize data to design a prototype for an app that helps leaders change the world.","When you've earned this badge, you'll know how to create data objects and how to develop apps that will help leaders make a positive difference in their communities.","images/ambassador/ambassador--coding-for-good-3-app-development.png","https://www.girlscoutshop.com/ambassador-app-development-badge"
"ambassador--college-knowledge","ba2f9805-bec2-447f-a45b-f5692cc1958b","College Knowledge","Ambassador","11-12","badge","Balanced Living","5","1. Explore your options | 2. Start the admissions process | 3. Make a financial plan | 4. Get set for success | 5. Build healthy habits","From test prep to financial aid, explore the ins and outs of the college admissions process.","When you’ve earned this badge, you’ll understand the steps in the college admissions process and be prepared to attend the school of your choice.","images/ambassador/ambassador--college-knowledge.png","http://girlscoutshop.com/Ambassador-College-Knowledge-Badge"
"ambassador--cookie-entrepreneur-family-pin","b8c4669e-f74e-4a01-a400-11bac351bcb2","Cookie Entrepreneur Family Pin","Ambassador","11-12","pin","Awards","5","1. Get information from the past | 2. Find a mentor | 3. Make your personal financial plan | 4. Be a sister to every Girl Scout | 5. Translate your experience","Take charge of your Girl Scout Cookie® business and let your family know how they can support you as you earn this award.","","images/ambassador/ambassador--cookie-entrepreneur-family-pin.png","https://www.girlscoutshop.com/custitem_grade_level/Ambassador"
"ambassador--cookie-entrepreneur-family-pin--2","25f7c3c7-2eb1-4da2-912d-f9b8e3a87629","Cookie Entrepreneur Family Pin","Ambassador","11-12","pin","Awards","5","1. Get information from the past | 2. Find a mentor | 3. Make your personal financial plan | 4. Be a sister to every Girl Scout | 5. Translate your experience","Take charge of your Girl Scout Cookie® business and let your family know how they can support you as you earn this award.","","images/ambassador/ambassador--cookie-entrepreneur-family-pin--2.png","https://www.girlscoutshop.com/custitem_grade_level/Ambassador"
"ambassador--cookie-influencer","03561a7e-d1ad-44a3-8e7d-a1e48dde7772","Cookie Influencer","Ambassador","11-12","badge","Leadership and Your Future","5","1. Become an authority in your cookie business | 2. Set cookie business goals and develop a new skill | 3. Create and share your value proposition | 4. Create a marketing campaign | 5. Leave a legacy","Become an authority on your cookie business and come up with new ways to share information so it makes a big impact.","When you've earned this badge, you will know how to use your cookie business experience to influence customers and help younger Girl Scouts navigate their own Girl Scout Cookie businesses.","images/ambassador/ambassador--cookie-influencer.png","https://www.girlscoutshop.com/ambassador-cookie-influencer-badge"
"ambassador--cybersecurity-1-basics","e488e0b0-05a2-4089-a859-71a541635d6c","Cybersecurity 1: Basics","Ambassador","11-12","badge","Technology and Innovation","5","1. Learn about different kinds of hackers | 2. Hide a message in plain sight | 3. Debate the ethics of hacking | 4. Learn cyberwarfare strategies | 5. Explore cyber careers","Explore how hackers operate and how hacking can be used for the purposes of corporate and national security.","When you've earned this badge, you'll know about steganography, cyberwarfare, and a variety of different careers in cybersecurity.","images/ambassador/ambassador--cybersecurity-1-basics.png","https://www.girlscoutshop.com/ambassador-cybersecurity-basics-badge"
"ambassador--cybersecurity-2-safeguards","c5c4f7ea-ddb2-4cae-87d9-24a7736db786","Cybersecurity 2: Safeguards","Ambassador","11-12","badge","Technology and Innovation","5","1. Guard your movements | 2. Outsmart the online marketers | 3. Plan your digital future | 4. Take the rights steps to secure your data | 5. Make cyber hygiene go viral","Find out how to protect your personal data and digital footprint with healthy online habits.","When you've earned this badge, you'll know how to cultivate healthy online habits.","images/ambassador/ambassador--cybersecurity-2-safeguards.png","https://www.girlscoutshop.com/ambassador-cybersecurity-safeguards-badge"
"ambassador--cybersecurity-3-investigator","ebf037e1-4591-4437-baf0-3587d00b2540","Cybersecurity 3: Investigator","Ambassador","11-12","badge","Technology and Innovation","5","1. Determine how the attack has affected the city | 2. Identify suspects | 3. Decide whether to pay the ransom | 4. Figure out how the attack happened | 5. Learn how to prevent future attacks","Investigate and respond when a fictional city has been affected by a cyberattack.","When you've earned this badge, you'll know how to analyze hidden messages and security log files, and make decisions about how to best allocate cybersecurity resources.","images/ambassador/ambassador--cybersecurity-3-investigator.png","https://www.girlscoutshop.com/ambassador-cybersecurity-investigator-badge"
"ambassador--democracy-for-ambassadors","8f458cdc-04ae-4990-9eb2-9057a1c3e496","Democracy for Ambassadors","Ambassador","11-12","badge","Your World Near and Far","5","1. Find out about local government | 2. Find out about state government | 3. Find out about the federal legislative branch | 4. Find out about the federal executive branch | 5. Find out about the federal judicial branch","Become an expert on your government and the roles of the officials you'll help elect.","When you've earned this badge, you will have learned more about your local, state, and national government—and you'll be ready to use that knowledge to inform your voting.","images/ambassador/ambassador--democracy-for-ambassadors.png","https://www.girlscoutshop.com/democracy-for-ambassadors-badge"
"ambassador--digital-leadership","0f3db0a4-bab6-4731-9ced-fb9be1f4f888","Digital Leadership","Ambassador","11-12","badge","Leadership and Your Future","5","1. Explore your digital landscape | 2. Examine digital bias | 3. Advocate for your community | 4. Create content for change | 5. Evaluate and expand your impact","Explore how you can use technology to build community and lead others.","When you've earned this badge, you will know how to use technology to lead and inspire. You’ll also know how to make the internet and world a better place for yourself and others.","images/ambassador/ambassador--digital-leadership.png","https://www.girlscoutshop.com/ambassador-digital-leadership-badge"
"ambassador--dinner-party","479915c8-178d-43f1-8d8e-117dede1072d","Dinner Party","Ambassador","11-12","badge","Balanced Living","5","1. Create your menu | 2. Make a budget and shopping list | 3. Practice timing your courses | 4. Explore imaginative ways to present food | 5. Host your party","Try on the role of chef as you throw a great dinner party.","When you've earned this badge, you'll know how to make and serve a fabulous three-course meal.","images/ambassador/ambassador--dinner-party.png","http://www.girlscoutshop.com/AMBASSADOR-DINNER-PARTY-BADGE"
"ambassador--eco-advocate","b5adc4ed-c474-4c32-ab9f-6d4835192683","Eco Advocate","Ambassador","11-12","badge","Outdoor Adventure","5","1. Learn what eco advocates do | 2. Find an issue you’re passionate about | 3. Come up with a solution | 4. Advocate for your issue | 5. Teach others how to advocate for your cause","Discover a nature issue that’s important to you, find solutions, and make a difference.","When you’ve earned this badge, you’ll have learned how to advocate for environmental issues concerning nature.","images/ambassador/ambassador--eco-advocate.png","http://girlscoutshop.com/Ambassador-Eco-Advocate-Badge"
"ambassador--entrepreneur-accelerator","3d65d284-d3b3-40d5-b501-4f9ae96f5144","Entrepreneur Accelerator","Ambassador","11-12","badge","Leadership and Your Future","5","1. Come up with a business idea and create a prototype | 2. Develop a customer profile | 3. Conduct market research | 4. Come up with a business model | 5. Pitch your business","Think and act like an entrepreneur as you bring your business vision to life, learn how to work with a team, and motivate people to take a chance with you.","When you've earned this badge, you will have the skills to come up with a business idea, produce a prototype, identify your customers, solicit feedback, improve your idea, then create a business plan and pitch it.","images/ambassador/ambassador--entrepreneur-accelerator.png","https://www.girlscoutshop.com/ambassador-entrepreneur-accelerator-badge"
"ambassador--financial-planner","12513d7c-7874-43a6-9772-c20034869189","Financial Planner","Ambassador","11-12","badge","Balanced Living","5","1. Explore real-life expenses | 2. Learn the ins and outs of credit cards | 3. Investigate loans | 4. Find out how to establish good credit | 5. Make your commitment to financial responsibility When you’ve earned this badge, you’ll know how to pay attention to your credit and plan for a big financial goal.","Discover how to build and keep an eye on your credit, make informed decisions about borrowing money, and do your best to pay back what you owe on time.","","images/ambassador/ambassador--financial-planner.png","https://www.girlscoutshop.com/ambassador-financial-planner-badge"
"ambassador--journey-bliss-live-it-give-it","f08951e2-2da0-40e8-93aa-1dc5ca6941ea","Journey: BLISS: Live It! Give It!","Ambassador","11-12","journey","","3","1. Find out how to fulfill your dreams and help others realize their dreams as well—invite an athlete to talk about how she pursued a goal, write songs and create artwork about following dreams, or find and share stories about women who successfully pursued their goals. | 2. Plan a Take Action Project that helps someone else follow her dream. | 3. Earn the Dream Maker Award. If you're a Girl Scout volunteer, go to Volunteer Toolkit for complete meeting plans and activity instructions.","In this Journey, you will:","Learn more about how to earn your Take Action Award — and help your community — with the Girl Scout Take Action Guide. Then use your leadership skills to earn your Gold Award, the highest award for Girl Scout Seniors and Ambassadors! Journeys are retiring on October 1, 2026.","images/ambassador/ambassador--journey-bliss-live-it-give-it.png","https://www.girlscoutshop.com/AMBASSADOR-BLISS-DREAM-MAKER-JOURNEY-AWARD-PIN"
"ambassador--journey-justice","d928f110-bb44-44c7-a7cd-aba8a70a971d","Journey: Justice","Ambassador","11-12","journey","","3","1. Identify global environmental issues and create your own vision for change. | 2. Plan a Take Action project to address food and land-use issues, improve food delivery systems, fight hunger in developing nations, or rediscover healthy eating traditions. | 3. Earn the Sage Award. If you're a Girl Scout volunteer, go to Volunteer Toolkit for complete meeting plans and activity instructions.","In this Journey, you will:","Learn more about how to earn your Take Action Award — and help your community — with the Girl Scout Take Action Guide . Then use your leadership skills to earn your Gold Award, the highest award for Girl Scout Seniors and Ambassadors! Journeys are retiring on October 1, 2026.","images/ambassador/ambassador--journey-justice.png","https://www.girlscoutshop.com/JUSTICE-AMBASSADOR-AWARD-PIN"
"ambassador--journey-outdoor-ambassador","5ed82963-01bd-4e77-838d-76f6474fc550","Journey: Outdoor (Ambassador)","Ambassador","11-12","journey","","3","1. Deepen your outdoor skills when you earn your Outdoor Art Master, Water, and Survival Camper badges. | 2. Plan a Take Action project that helps people. | 3. Earn a Take Action Award. If you're a Girl Scout volunteer, go to Volunteer Toolkit for complete meeting plans and activity instructions.","In this Journey, you will:","Learn more about how to earn your Take Action Award — and help your community — with the Girl Scout Take Action Guide. Then use your leadership skills to earn your Gold Award, the highest award for Girl Scout Seniors and Ambassadors! Journeys are retiring on October 1, 2026.","images/ambassador/ambassador--journey-outdoor-ambassador.png","https://www.girlscoutshop.com/badges-program/ambassador?custitem_girl_scout_pillar=Outdoors"
"ambassador--journey-think-like-a-citizen-scientist","cac85311-4ef8-4b75-ac68-a19670fe185c","Journey: Think Like a Citizen Scientist","Ambassador","11-12","journey","","3","1. Find out how citizen scientists make observations, collect data, and help scientists conduct scientific research. | 2. Do 3 observation sessions of a citizen science project from SciStarter. | 3. Collect data from you community and plan a Take Action project that helps others.","In this Journey, you will:","If you're a Girl Scout volunteer, go to Volunteer Toolkit for complete meeting plans and activity instructions. Learn more about how to earn your Take Action Award — and help your community — with the Girl Scout Take Action Guide. Then use your leadership skills to earn your Gold Award!","images/ambassador/ambassador--journey-think-like-a-citizen-scientist.png","https://www.girlscoutshop.com/ambassador-think-like-a-citizen-scientist-award-badge"
"ambassador--journey-think-like-a-programmer","8a0bb51f-f458-4c84-aad4-82a3d76dcc7c","Journey: Think Like a Programmer","Ambassador","11-12","journey","","3","1. Find out how programmers use computational thinking to solve problems. | 2. Do 3 computational thinking activities: build a message-sending machine out of everyday objects to learn about binary, develop an algorithm to find the smallest playing card in a row of cards, and design an app that solves a problem for others to explore user-centered design. | 3. Plan a Take Action project that helps others. If you're a Girl Scout volunteer, go to Volunteer Toolkit for complete meeting plans and activity instructions.","In this Journey, you will:","Learn more about how to earn your Take Action Award — and help your community — with the Girl Scout Take Action Guide . Then use your leadership skills to earn your Gold Award, the highest award for Girl Scout Seniors and Ambassadors! Journeys are retiring on October 1, 2026.","images/ambassador/ambassador--journey-think-like-a-programmer.png","https://www.girlscoutshop.com/Ambassador-Think-Like-a-Programmer-Journey"
"ambassador--journey-think-like-an-engineer","562327ae-80f7-4854-99d4-261ca62500be","Journey: Think Like an Engineer","Ambassador","11-12","journey","","3","1. Find out how engineers use design thinking to solve problems. | 2. Do 3 design thinking activities: design and build prototypes of an animal enrichment product, a zip line course, and mobility equipment. | 3. Plan a Take Action project that helps others. If you're a Girl Scout volunteer, go to Volunteer Toolkit for complete meeting plans and activity instructions.","In this Journey, you will:","Learn more about how to earn your Take Action Award — and help your community — with the Girl Scout Take Action Guide . Then use your leadership skills to earn your Gold Award, the highest award for Girl Scout Seniors and Ambassadors! Journeys are retiring on October 1, 2026.","images/ambassador/ambassador--journey-think-like-an-engineer.png","https://www.girlscoutshop.com/Ambassador-Think-Like-an-Engineer-Journey"
"ambassador--journey-your-voice-your-world","1a2a5fcc-bc40-46b6-bf8a-b8c0b1f9682e","Journey: Your Voice, Your World","Ambassador","11-12","journey","","3","1. Find out how to advocate for change by networking, planning, and speaking up for what you believe—invite a woman advocate to speak about her work or visit your state capital to find out how to advocate for causes you believe in. | 2. Plan a Take Action project about an issue you care about. | 3. Earn the Advocacy Award. If you're a Girl Scout volunteer, go to Volunteer Toolkit for complete meeting plans and activity instructions","In this Journey, you will:","Learn more about how to earn your Take Action Award — and help your community — with the Girl Scout Take Action Guide. Then use your leadership skills to earn your Gold Award, the highest award for Girl Scout Seniors and Ambassadors! Journeys are retiring on October 1, 2026.","images/ambassador/ambassador--journey-your-voice-your-world.png","https://www.girlscoutshop.com/AMBASSADOR-JOURNEY-AWARD-ADVOCATE-PATCH"
"ambassador--my-cookie-business-resume","0c71a2b2-af68-419d-a8cd-b5f2797bbd27","My Cookie Business Resume","Ambassador","11-12","badge","Leadership and Your Future","5","1. Get to know your business; set your goals and budget | 2. Research resumes and track your experiences | 3. Boost your marketing skills | 4. Use marketing to expand your network | 5. Create a cookie portfolio","Find out how to showcase your cookie business accomplishments in a resume and portfolio.","When you've earned this badge, you will know how to create a resume and portfolio that highlight the skills you've gained running your cookie business.","images/ambassador/ambassador--my-cookie-business-resume.png","https://www.girlscoutshop.com/ambassador-my-cookie-business-resume-badge"
"ambassador--my-financial-independence","95316bd2-c1c5-412d-9ed8-a76fd8f456aa","My Financial Independence","Ambassador","11-12","badge","Balanced Living","5","1. Plan for where you’ll live | 2. Plan for expense spending | 3. Explore how to build wealth | 4. Find out about investment protection | 5. Plan for sharing with others When you’ve earned this badge, you’ll have the skills and strategies to prepare a financial plan for being on your own.","Find out how to make a financial plan and learn how to invest for when you set out on your own.","","images/ambassador/ambassador--my-financial-independence.png","https://www.girlscoutshop.com/ambassador-my-financial-independence-badge"
"ambassador--outdoor-art-master","d6f67730-93ac-4260-8694-ea33fb81c256","Outdoor Art Master","Ambassador","11-12","badge","Art and Imagination","5","1. Explore outdoor art | 2. Make something! | 3. Find music in nature | 4. Be a nature photographer | 5. Design with nature","Bring art and the outdoors together and get inspired by the beauty in nature.","When you’ve earned this badge, you'll have explored nature and created several different kinds of outdoor-themed art.","images/ambassador/ambassador--outdoor-art-master.png","https://www.girlscoutshop.com/AMBASSADOR-OUTDOOR-ART-MASTER-BADGE"
"ambassador--photographer","52b456f1-735f-4349-9be9-d923489aa656","Photographer","Ambassador","11-12","badge","Art and Imagination","5","1. Explore the power of photography | 2. Focus on composition--shoot five landscapes | 3. Focus on light--shoot five portraits or still lifes | 4. Focus on motion--shoot five action shots | 5. Tell a story with photography","Hone your artistic skills and find out how to use different types of cameras to present the world through your eyes.","When you've earned this badge, you'll know how to capture your vision of the world in photographs.","images/ambassador/ambassador--photographer.png","http://www.girlscoutshop.com/AMBASSADOR-PHOTOGRAPHER-BADGE"
"ambassador--public-policy","05ea905d-7045-4d31-84e0-318117cf6fe2","Public Policy","Ambassador","11-12","badge","Your World Near and Far","5","1. Find out how activists advocate for change | 2. Engage as a global citizen | 3. Dig into national or state public policy | 4. Explore local or community policy | 5. See public policy creation in action","Gain the knowledge you need to speak up about and act on issues that are crucial in your world.","When you've earned this badge, you'll know about public policies and how you can advocate for issues and legislation that matter to you.","images/ambassador/ambassador--public-policy.png","http://www.girlscoutshop.com/AMBASSADOR-PUBLIC-POLICY-BADGE"
"ambassador--robotics-1-designing-robots","bffd48e0-87f0-40a9-9536-14b9a7859103","Robotics 1: Designing Robots","Ambassador","11-12","badge","Technology and Innovation","5","1. Pick a challenge | 2. Explore possible solutions | 3. Plan your prototype | 4. Build a prototype | 5. Get feedback on your robot","Explore the Design Thinking Process as you build a model of a social robot that can make life better for others. Decide on a challenge, brainstorm solutions, plan, build a prototype, and test it to see how well it meets the needs it is designed to address.","When you’ve earned this badge, you'll know how to design a robot and build a prototype.","images/ambassador/ambassador--robotics-1-designing-robots.png","http://girlscoutshop.com/Ambassador-Designing-Robots-Badge"
"ambassador--robotics-2-programming-robots","900b8dda-80c2-4b2e-8d84-f74dda46e28e","Robotics 2: Programming Robots","Ambassador","11-12","badge","Technology and Innovation","5","1. Learn about robots | 2. Build a robot model: motorized robot | 3. Explore the way robotics systems work together | 4. Learn about programming | 5. Write a program for a robot","To help you understand how robots work, learn about the parts that make up a robot. Get started by making a simple motorized robot to see how robot parts work together. Then practice coding robots, using important programming concepts, like functions and loops.","When you’ve earned this badge, you'll understand how robots work and how to control them.","images/ambassador/ambassador--robotics-2-programming-robots.png","http://girlscoutshop.com/Ambassador-Programming-Robots-Badge"
"ambassador--robotics-3-showcasing-robots","cb01bbb9-e53b-4789-b746-91d3319df763","Robotics 3: Showcasing Robots","Ambassador","11-12","badge","Technology and Innovation","5","1. Learn about robotics events | 2. Hold a mini robotics event | 3. Give a presentation about your robotics activities | 4. Find out about robotics career opportunities | 5. See robot makers and robots in action","After engineers build their robots, they share their work with others through challenges, competitions, or marketing campaigns. Now that you’ve built your robot, share your design with others and explore your future with robotics.","When you’ve earned this badge, you'll know how to share your robot designs with the world.","images/ambassador/ambassador--robotics-3-showcasing-robots.png","http://girlscoutshop.com/Ambassador-Showcasing-Robots-Badge"
"ambassador--space-science-master","be2e2575-69e7-4770-8c24-f9a61328fef7","Space Science Master","Ambassador","11-12","badge","Your World Near and Far","5","1. Discover worlds beyond Earth | 2. Dive into NASA science | 3. Explore your interests | 4. Dig deeper | 5. Share what you’ve learned","Explore, observe, design, and communicate your space science discoveries—just like scientists and engineers.","When you've earned this badge, you’ll understand more about space science and how you can be a part of NASA now and in the future.","images/ambassador/ambassador--space-science-master.png","https://www.girlscoutshop.com/ambassador-space-science-master-badge"
"ambassador--survival-camper","75f3f456-3e74-4a14-b92f-9b025658faa6","Survival Camper","Ambassador","11-12","badge","Outdoor Adventure","5","1. Plan a survival camping trip | 2. Gather your gear | 3. Plan and prepare your trip meals | 4. Learn a survival camp skill | 5. Go camping","Test your skills with limited supplies and have an unforgettable experience with your camping crew.","When you’ve earned this badge, you'll have planned and gone on a survival camping trip with a group of Girl Scouts or family members.","images/ambassador/ambassador--survival-camper.png","https://www.girlscoutshop.com/Ambassador-Survival-Camper-Badge"
"ambassador--ultimate-recreation-challenge","3f38af90-0881-4f31-86be-55d42cb9ebc9","Ultimate Recreation Challenge","Ambassador","11-12","badge","Sports and Recreation","5","1. Experience an ultimate adventure on a trail | 2. Take the ultimate camping trip | 3. Dive into an ultimate water adventure | 4. Go on the ultimate offbeat adventure | 5. Do an ultimate recreation challenge unique to your area","Go on five adventures where you can step up your outdoor skills and do things you’ve never done before. You decide what you’ll do, where you’ll go, and what your goals will be.","When you’ve earned this badge, you’ll have planned and taken five outdoor adventures that challenged and transformed you.","images/ambassador/ambassador--ultimate-recreation-challenge.png","http://www.girlscoutshop.com/AMBASSADOR-ULTIMATE-RECREATION-CHALLENGE-BADGE"
"ambassador--water","f8b1d054-8416-4f13-a03a-af655693fb77","Water","Ambassador","11-12","badge","Animals and Nature","5","1. Have fun reflecting on your relationship with water | 2. Celebrate water art—and create your own | 3. Find out about water issues | 4. Explore water solutions | 5. Educate and inspire","Find out more about water and reflect on the role water plays in your life and our world.","When you've earned this badge, you'll have dived deep into water—from its scientific origins to the joy of splashing around.","images/ambassador/ambassador--water.png","https://www.girlscoutshop.com/AMBASSADOR-WATER-BADGE"
"ambassador--counselor-in-training-i","438326d5-b898-48ae-8935-f657f8886b5a","Counselor in Training I","Ambassador","11-12","award","Leadership Awards; Awards","3","1. Team up with other teens to learn about leading at camp | 2. Support staff and help lead camp songs, games, and group activities | 3. Discover your strengths as a leader through hands-on experience","Build camp leadership skills and become the role model campers look up to.","When you’ve earned this award, you’ll know how to connect with campers and lead with confidence and care.","images/ambassador/ambassador--counselor-in-training-i.png","https://www.girlscoutshop.com/counselor-in-training-i-award-pin"
"ambassador--counselor-in-training-ii","5bafc140-6e15-4e4b-b705-003dc8ac20ca","Counselor in Training II","Ambassador","11-12","award","Leadership Awards; Awards","3","1. Plan and lead fun, meaningful camp activities | 2. Help manage group schedules and solve real-life challenges | 3. Complete a hands-on service project that supports your camp community","Take your camp leadership to the next level and help shape the camper experience.","When you’ve earned this award, you’ll be ready to lead with confidence, responsibility, and heart.","images/ambassador/ambassador--counselor-in-training-ii.png","https://www.girlscoutshop.com/counselor-in-training-ii-award-pin"
"ambassador--global-action","32a62c28-8ec0-431e-9b64-fbee291cd702","Global Action","Ambassador","11-12","award","Leadership Awards; Awards","5","1. Identify a community issue | 2. Explore the issue's root causes | 3. Brainstorm project ideas | 4. Make a plan | 5. Take Action and celebrate!","Team up to make local change with a global community perspective.","When you’ve earned this award, you’ll know how to address a global issue with a sustainable and measurable solution.","images/ambassador/ambassador--global-action.png","https://www.girlscoutshop.com/global-action-award"
"ambassador--gold-award","4653d70f-a42f-44be-b520-0e9b5e19853c","Gold Award","Ambassador","11-12","award","Leadership Awards; Awards","7","1. Identify an issue | 2. Investigate it thoroughly | 3. Get help and build your team | 4. Create a plan | 5. Present your plan and gather feedback | 6. Take action | 7. Educate and inspire","The highest award you can earn as a Senior or Ambassador Girl Scout. By leading a team, research the root cause of a community issue and complete a project that addresses it with lasting impact.","When you go for the Gold Award, you will know how to use your knowledge and leadership skills to make a difference in the world.","images/ambassador/ambassador--gold-award.png","https://www.girlscoutshop.com/badges-program/gold-silver-bronze-awards"
"ambassador--gold-torch-awards","5ef436fa-cd63-4f49-9fa4-36ca71921d77","Gold Torch Awards","Ambassador","11-12","award","Leadership Awards; Awards","5","1. Explore your strengths | 2. Set your direction | 3. Lead your team | 4. Look ahead together | 5. Make your mark","Lead with purpose and guide a team to make a difference.","When you’ve earned this award, you’ll know how to lead a successful team.","images/ambassador/ambassador--gold-torch-awards.png","https://www.girlscoutshop.com/senior-ambassador-gold-torch-award-pin"
"ambassador--senior-ambassador-true-north-award","34dc190b-fc50-4048-8500-f91f325d4519","Senior/Ambassador True North Award","Ambassador","11-12","award","Leadership Awards; Awards","4","1. Explore your values | 2. Choose a goal that matters to you | 3. Make a plan | 4. Act with courage, confidence, and character","Explore your core values, then act with courage in a way that matters deeply to you.","When you’ve earned this award, you’ll know how to stay true to yourself while pursuing your goals.","images/ambassador/ambassador--senior-ambassador-true-north-award.png","https://www.girlscoutshop.com/senior-ambassador-true-north-award-pin"
"ambassador--take-action","068f88f3-6e3f-497b-bfc0-e2ea4e9c0da6","Take Action","Ambassador","11-12","award","Leadership Awards; Awards","5","1. Identify a community issue | 2. Explore the issue's root causes | 3. Brainstorm project ideas | 4. Make a plan | 5. Take Action and celebrate!","Team up to turn your passion into a lasting solution in your community.","When you’ve earned this award, you’ll know how to address a local community issue.","images/ambassador/ambassador--take-action.png","https://www.girlscoutshop.com/take-action-award-pin"
"ambassador--volunteer-in-training","5988a6f3-a6df-433e-af17-39a31ce9e67b","Volunteer in Training","Ambassador","11-12","award","Leadership Awards; Awards","5","1. Explore how you'd like to lead | 2. Lead an activity | 3. Lead your first meeting | 4. Reflect and prepare | 5. Lead your second meeting","Learn how to lead groups of younger kids in ways that matter to you and make real change.","When you’ve earned this award, you will have developed skills in creating supportive environments for younger kids.","images/ambassador/ambassador--volunteer-in-training.png","https://www.girlscoutshop.com/volunteer-in-training-award-pin"
"senior--counselor-in-training-i","963ea503-75e0-4beb-a9b1-a362b3551556","Counselor in Training I","Senior","9-10","award","Awards","3","1. Team up with other teens to learn about leading at camp | 2. Support staff and help lead camp songs, games, and group activities | 3. Discover your strengths as a leader through hands-on experience","Build camp leadership skills and become the role model campers look up to.","When you’ve earned this award, you’ll know how to connect with campers and lead with confidence and care.","images/senior/senior--counselor-in-training-i.png","https://www.girlscoutshop.com/counselor-in-training-i-award-pin"
"senior--global-action","72e6a450-349f-4ba7-b562-9d108d84f58a","Global Action","Senior","9-10","award","Awards","5","1. Identify a community issue | 2. Explore the issue's root causes | 3. Brainstorm project ideas | 4. Make a plan | 5. Take Action and celebrate!","Team up to make local change with a global community perspective.","When you’ve earned this award, you’ll know how to address a global issue with a sustainable and measurable solution.","images/senior/senior--global-action.png","https://www.girlscoutshop.com/global-action-award"
"senior--gold-award","ef92e9ff-2b3f-4e76-90ba-90a24ddbba08","Gold Award","Senior","9-10","award","Awards","7","1. Identify an issue | 2. Investigate it thoroughly | 3. Get help and build your team | 4. Create a plan | 5. Present your plan and gather feedback | 6. Take action | 7. Educate and inspire","The highest award you can earn as a Senior or Ambassador Girl Scout. By leading a team, research the root cause of a community issue and complete a project that addresses it with lasting impact.","When you go for the Gold Award, you will know how to use your knowledge and leadership skills to make a difference in the world.","images/senior/senior--gold-award.png","https://www.girlscoutshop.com/badges-program/gold-silver-bronze-awards"
"senior--gold-torch","a45d6363-a739-411e-9381-aeeab735999c","Gold Torch","Senior","9-10","award","Awards","5","1. Explore your strengths | 2. Set your direction | 3. Lead your team | 4. Look ahead together | 5. Make your mark","Lead with purpose and guide a team to make a difference.","When you’ve earned this award, you’ll know how to lead a successful team.","images/senior/senior--gold-torch.png","https://www.girlscoutshop.com/senior-ambassador-gold-torch-award-pin"
"senior--senior-ambassador-true-north-award","23b157b0-a1cb-4a36-b459-608953044e30","Senior/Ambassador True North Award","Senior","9-10","award","Awards","4","1. Explore your values | 2. Choose a goal that matters to you | 3. Make a plan | 4. Act with courage, confidence, and character","Explore your core values, then act with courage in a way that matters deeply to you.","When you’ve earned this award, you’ll know how to stay true to yourself while pursuing your goals.","images/senior/senior--senior-ambassador-true-north-award.png","https://www.girlscoutshop.com/senior-ambassador-true-north-award-pin"
"senior--take-action","551c12b8-3617-4406-ac39-a6caa3e1f5de","Take Action","Senior","9-10","award","Awards","5","1. Identify a community issue | 2. Explore the issue's root causes | 3. Brainstorm project ideas | 4. Make a plan | 5. Take Action and celebrate!","Team up to turn your passion into a lasting solution in your community.","When you’ve earned this award, you’ll know how to address a local community issue.","images/senior/senior--take-action.png","https://www.girlscoutshop.com/take-action-award-pin"
"senior--volunteer-in-training","70866d48-e2c1-40ab-ae6e-2b3b716357dd","Volunteer in Training","Senior","9-10","award","Awards","5","1. Explore how you'd like to lead | 2. Lead an activity | 3. Lead your first meeting | 4. Reflect and prepare | 5. Lead your second meeting","Learn how to lead groups of younger kids in ways that matter to you and make real change.","When you’ve earned this award, you will have developed skills in creating supportive environments for younger kids.","images/senior/senior--volunteer-in-training.png","https://www.girlscoutshop.com/volunteer-in-training-award-pin"
"cadette--cadette-true-north-award","910a7e82-6b28-431c-a234-eeea9cf8d43d","Cadette True North Award","Cadette","6-8","award","Awards","4","1. Explore your values | 2. Choose a goal that matters to you | 3. Make a plan | 4. Act with courage, confidence, and character","Discover what matters to you and how those things shape your choices, then build the confidence to act with courage.","When you've earned this award, you will have explored what’s important to you, built your confidence, and acted with courage.","images/cadette/cadette--cadette-true-north-award.png","https://www.girlscoutshop.com/cadette-true-north-award-pin"
"cadette--global-action","a4a2d3ea-6a3d-456f-841d-804baada8386","Global Action","Cadette","6-8","award","Awards","5","1. Identify a community issue | 2. Explore the issue's root causes | 3. Brainstorm project ideas | 4. Make a plan | 5. Take Action and celebrate!","Team up to make local change with a global community perspective.","When you’ve earned this award, you’ll know how to address a global issue with a sustainable and measurable solution.","images/cadette/cadette--global-action.png","https://www.girlscoutshop.com/global-action-award"
"cadette--program-aide","86260e9f-5199-4056-b825-7b898710e7e6","Program Aide","Cadette","6-8","award","Awards","5","1. Get to know your group | 2. Prepare to lead | 3. Plan and lead one activity | 4. Reflect and prepare | 5. Lead a full meeting","Explore your personal leadership style as you plan activities and lead a meeting for younger kids.","When you’ve earned this award, you’ll have planned and led multiple activities for a group of younger kids.","images/cadette/cadette--program-aide.png","https://www.girlscoutshop.com/program-aide-award"
"cadette--silver-award","d9a2a32b-03ff-4667-83b1-76170b1c350b","Silver Award","Cadette","6-8","award","Awards","8","1. Identify issues | 2. Build your team | 3. Explore your community | 4. Choose your Silver Award project | 5. Make a plan and submit your project proposal | 6. Put your plan in motion | 7. Spread the word and submit your final report | 8. Then...Celebrate!","The highest award you can earn as a Cadette Girl Scout. By working as an individual or part of a small team, research an issue, make a plan to address it, and then take action to improve your community. Prerequisite : Complete the Bronze Award, a Cadette Leadership Award, or a Journey","When you go for the Silver Award, you will practice leadership, address a real root cause of a community issue you care about, and create a plan to make your project sustainable. Level up: One award now leads to the next—Bronze counts for Silver, and Silver counts for Gold. If you’ve already earned one, you’re ready to keep going!","images/cadette/cadette--silver-award.png","https://www.girlscoutshop.com/badges-program/gold-silver-bronze-awards"
"cadette--silver-torch","131108b3-8a6b-41dc-a025-c700407ca40b","Silver Torch","Cadette","6-8","award","Awards","5","1. Explore your strengths | 2. Set a group goal | 3. Support your team | 4. Look ahead together | 5. Make your mark","Learn how to shine as a leader while working with a team.","When you’ve earned this award, you’ll know how to lead by being a great teammate.","images/cadette/cadette--silver-torch.png","https://www.girlscoutshop.com/CADETTE-TORCH-AWARD-PIN-SILVER"
"cadette--take-action","7b9afcff-f32d-46cc-88a3-92ff30507f79","Take Action","Cadette","6-8","award","Awards","5","1. Identify a community issue | 2. Explore the issue's root causes | 3. Brainstorm project ideas | 4. Make a plan | 5. Take Action and celebrate!","Team up to turn your passion into a lasting solution in your community.","When you’ve earned this award, you’ll know how to address a local community issue.","images/cadette/cadette--take-action.png","https://www.girlscoutshop.com/take-action-award-pin"
"junior--bronze-award","3d9dad0b-5630-4ebc-ad77-5d6f21182bb8","Bronze Award","Junior","4-5","award","Awards; Leadership Awards","7","1. Complete a Junior Leadership Award or Journey | 2. Build your Junior Girl Scout team | 3. Explore your community | 4. Choose your Girl Scout Bronze Award project | 5. Make a plan | 6. Put your plan in motion | 7. Spread the word","The highest award you can earn as a Junior Girl Scout. By working as part of a team, explore a community issue and complete a project that addresses it.","When you go for the Bronze Award, you will represent what Girl Scouts can achieve in their communities. Level up: One award now leads to the next—Bronze counts for Silver, and Silver counts for Gold. If you’ve already earned one, you’re ready to keep going!","images/junior/junior--bronze-award.png","https://www.girlscoutshop.com/badges-program/gold-silver-bronze-awards"
"junior--global-action","226914d5-7335-44de-8f0c-41a426d4378c","Global Action","Junior","4-5","award","Awards; Leadership Awards","5","1. Identify a community issue | 2. Explore the issue's root causes | 3. Brainstorm project ideas | 4. Make a plan | 5. Take Action and celebrate!","Team up to make local change with a global community perspective.","When you’ve earned this award, you’ll know how to address a global issue with a sustainable and measurable solution.","images/junior/junior--global-action.png","https://www.girlscoutshop.com/global-action-award"
"junior--junior-aide","349a6293-f55d-441c-bd89-845eb201f254","Junior Aide","Junior","4-5","award","Awards; Leadership Awards","3","1. Observe a meeting | 2. Assist with a meeting | 3. Plan and lead an activity","Start building leadership skills by planning and leading an activity for younger kids.","When you’ve earned this award, you’ll know how to plan and lead a fun, inclusive activity for younger kids.","images/junior/junior--junior-aide.png","https://www.girlscoutshop.com/junior-aide-award-pin"
"junior--junior-true-north-award","11b04d88-6841-48dd-90df-6c1d46b5d68c","Junior True North Award","Junior","4-5","award","Awards; Leadership Awards","4","1. Explore your values | 2. Choose a goal that matters to you | 3. Make a plan | 4. Act with courage, confidence, and character","Discover what matters to you and build the confidence to act with courage.","When you’ve earned this award, you will have explored what’s important to you, built your confidence, and acted with courage.","images/junior/junior--junior-true-north-award.png","https://www.girlscoutshop.com/junior-true-north-award-pin"
"junior--take-action","5ab0edee-51f0-4ac8-953c-b89b12f4127a","Take Action","Junior","4-5","award","Awards; Leadership Awards","5","1. Identify a community issue | 2. Explore the issue's root causes | 3. Brainstorm project ideas | 4. Make a plan | 5. Take Action and celebrate!","Team up to turn your passion into a lasting solution in your community.","When you’ve earned this award, you’ll know how to address a local community issue.","images/junior/junior--take-action.png","https://www.girlscoutshop.com/take-action-award-pin"
